<?xml version="1.0" encoding="utf-8"?>
<?xml-stylesheet type="text/xsl" href="../../../stylesheets/page.xsl"?>
<element extends="aml:AMLElement" name="data">
	<implements />
	<abstract>
		<locale>
			Specifies a data island.
		</locale>
		<locale xml:lang="ru">
			Элемент <link type="element">data</link> предназначен для определения островка данных.
		</locale>
	</abstract>
	<remarks />
	<examples />
	<members>
		<attributes>
			<attribute name="src">
				<description>
					<locale>
						Data location.
					</locale>
				</description>
			</attribute>
			<attribute name="async">
				<description>
					<locale>
						Data retrieval mode.
					</locale>
				</description>
			</attribute>
			<attribute name="type" readonly="true">
				<values>
					<value name="text/xml"></value>
					<value name="text/csv"></value>
					<value name="text/json"></value>
					<value name="application/xml"></value>
				</values>
				<description>
					<locale>
						Type of the data.
					</locale>
				</description>
			</attribute>
		</attributes>
		<methods>
			<method name="load" type="Void">
				<arguments>
					<argument name="sUrl" type="String">
						<description>
							<locale>
								Data location.
							</locale>
						</description>
					</argument>
					<argument name="bAsync" type="Boolean" required="false">
						<description>
							<locale>
								Data retrieval mode.
							</locale>
						</description>
					</argument>
				</arguments>
				<description>
					<locale>
						Loads data from the specified url.
					</locale>
				</description>
			</method>
		</methods>
		<properties />
		<events>
			<event name="load" group="Event" cancelable="false" bubbles="false">
				<description>
					<locale>
						Fires when data is loaded.
					</locale>
					<locale xml:lang="ru">
						Загорается сразу же после загрузки данных ядром.
					</locale>
				</description>
			</event>
			<event name="unload" group="Event" cancelable="false" bubbles="false">
				<description>
					<locale>
						Fires when data is unloaded.
					</locale>
					<locale xml:lang="ru">
						Загорается непосредственно перед выгрузкой.
					</locale>
				</description>
			</event>
			<event name="error" group="Event" cancelable="false" bubbles="true">
				<description>
					<locale>
						Fires when an error occured during data retrieval.
					</locale>
					<locale xml:lang="ru">
						Загорается, когда в процессе загрузки ресурса возникает ошибка.
					</locale>
				</description>
			</event>
		</events>
	</members>
</element>