<?xml version="1.0" encoding="UTF-8"?>
<index>
<entry title="Getting Started" href="ample/tutorials/gettingstarted.xml"/>
<entry title="- Downloading Ample SDK" href="ample/tutorials/gettingstarted.xml"/>
<entry title="- Setting up Development Environment" href="ample/tutorials/gettingstarted.xml"/>
<entry title="- Deploying Ample SDK" href="ample/tutorials/gettingstarted.xml"/>
<entry title="- Running a &quot;Hello World!&quot; application" href="ample/tutorials/gettingstarted.xml"/>
<entry title="Hello, World!" href="ample/tutorials/helloworld.xml"/>
<entry title="- Hello World!" href="ample/tutorials/helloworld.xml"/>
<entry title="- Comments" href="ample/tutorials/helloworld.xml"/>
<entry title="Part I - Building the User Interface" href="ample/tutorials/develop_layout.xml"/>
<entry title="- Introduction to markup-based UI Layout" href="ample/tutorials/develop_layout.xml"/>
<entry title="- Embedding XML UI into a web page" href="ample/tutorials/develop_layout.xml"/>
<entry title="- Using XML for laying out UI declaratively" href="ample/tutorials/develop_layout.xml"/>
<entry title="- Using DOM-Core for building UI dynamically" href="ample/tutorials/develop_layout.xml"/>
<entry title="- Using XInclude to merge XML documents" href="ample/tutorials/develop_layout.xml"/>
<entry title="Part II - Styling Application" href="ample/tutorials/develop_style.xml"/>
<entry title="- Introduction to CSS" href="ample/tutorials/develop_style.xml"/>
<entry title="- Embedding CSS stylesheets in a web page" href="ample/tutorials/develop_style.xml"/>
<entry title="- Using CSS for styling UI" href="ample/tutorials/develop_style.xml"/>
<entry title="Part III - Writing Application Logic" href="ample/tutorials/develop_logic.xml"/>
<entry title="- Introduction to the programming model" href="ample/tutorials/develop_logic.xml"/>
<entry title="- Embedding JavaScript View Logic into a web page" href="ample/tutorials/develop_logic.xml"/>
<entry title="- The ample scripting object" href="ample/tutorials/develop_logic.xml"/>
<entry title="- Implementing View Logic" href="ample/tutorials/develop_logic.xml"/>
<entry title="- Using UI Managers for common UI tasks" href="ample/tutorials/develop_logic.xml"/>
<entry title="- Using SMIL 3 for Animations" href="ample/tutorials/develop_logic.xml"/>
<entry title="- Using XSLTProcessor" href="ample/tutorials/develop_logic.xml"/>
<entry title="Part I - Creating custom Markup Language" href="ample/tutorials/create_language.xml"/>
<entry title="- Defining a Language" href="ample/tutorials/create_language.xml"/>
<entry title="- Registering Language implementation with Ample SDK Framework" href="ample/tutorials/create_language.xml"/>
<entry title="- Defining an Element Component" href="ample/tutorials/create_language.xml"/>
<entry title="- Registering Element Component with Language implementation" href="ample/tutorials/create_language.xml"/>
<entry title="- Putting all together and seeing the result" href="ample/tutorials/create_language.xml"/>
<entry title="Part II - Creating custom Component" href="ample/tutorials/create_component.xml"/>
<entry title="- Defining constructor" href="ample/tutorials/create_component.xml"/>
<entry title="- Defining presentation" href="ample/tutorials/create_component.xml"/>
<entry title="- Defining attributes default values" href="ample/tutorials/create_component.xml"/>
<entry title="- Defining properties/methods" href="ample/tutorials/create_component.xml"/>
<entry title="- Dispatching events" href="ample/tutorials/create_component.xml"/>
<entry title="- Implementing events default actions" href="ample/tutorials/create_component.xml"/>
<entry title="- Styling component" href="ample/tutorials/create_component.xml"/>
<entry title="Solution Architecture" href="ample/overview/architecture.xml"/>
<entry title="- Solution Architecture" href="ample/overview/architecture.xml"/>
<entry title="Ample SDK Lifetime" href="ample/overview/lifetime.xml"/>
<entry title="- Ample SDK Lifetime" href="ample/overview/lifetime.xml"/>
<entry title="AMLAttr" href="ample/runtime/AMLAttr.xml"/>
<entry title="ownerElement (AMLAttr)" href="ample/runtime/AMLAttr.xml#property-ownerElement"/>
<entry title="specified (AMLAttr)" href="ample/runtime/AMLAttr.xml#property-specified"/>
<entry title="name (AMLAttr)" href="ample/runtime/AMLAttr.xml#property-name"/>
<entry title="value (AMLAttr)" href="ample/runtime/AMLAttr.xml#property-value"/>
<entry title="AMLCDATASection" href="ample/runtime/AMLCDATASection.xml"/>
<entry title="AMLCharacterData" href="ample/runtime/AMLCharacterData.xml"/>
<entry title="appendData (AMLCharacterData)" href="ample/runtime/AMLCharacterData.xml#method-appendData"/>
<entry title="deleteData (AMLCharacterData)" href="ample/runtime/AMLCharacterData.xml#method-deleteData"/>
<entry title="insertData (AMLCharacterData)" href="ample/runtime/AMLCharacterData.xml#method-insertData"/>
<entry title="replaceData (AMLCharacterData)" href="ample/runtime/AMLCharacterData.xml#method-replaceData"/>
<entry title="substringData (AMLCharacterData)" href="ample/runtime/AMLCharacterData.xml#method-substringData"/>
<entry title="data (AMLCharacterData)" href="ample/runtime/AMLCharacterData.xml#property-data"/>
<entry title="length (AMLCharacterData)" href="ample/runtime/AMLCharacterData.xml#property-length"/>
<entry title="DOMCharacterDataModified (AMLCharacterData)" href="ample/runtime/AMLCharacterData.xml#event-DOMCharacterDataModified"/>
<entry title="AMLComment" href="ample/runtime/AMLComment.xml"/>
<entry title="AMLConfiguration" href="ample/runtime/AMLConfiguration.xml"/>
<entry title="parameterNames (AMLConfiguration)" href="ample/runtime/AMLConfiguration.xml#property-parameterNames"/>
<entry title="canSetParameter (AMLConfiguration)" href="ample/runtime/AMLConfiguration.xml#method-canSetParameter"/>
<entry title="setParameter (AMLConfiguration)" href="ample/runtime/AMLConfiguration.xml#method-setParameter"/>
<entry title="getParameter (AMLConfiguration)" href="ample/runtime/AMLConfiguration.xml#method-getParameter"/>
<entry title="setNamespace (AMLConfiguration)" href="ample/runtime/AMLConfiguration.xml#method-setNamespace"/>
<entry title="getNamespace (AMLConfiguration)" href="ample/runtime/AMLConfiguration.xml#method-getNamespace"/>
<entry title="AMLDocument" href="ample/runtime/AMLDocument.xml"/>
<entry title="createElement (AMLDocument)" href="ample/runtime/AMLDocument.xml#method-createElement"/>
<entry title="createElementNS (AMLDocument)" href="ample/runtime/AMLDocument.xml#method-createElementNS"/>
<entry title="createDocumentFragment (AMLDocument)" href="ample/runtime/AMLDocument.xml#method-createDocumentFragment"/>
<entry title="createTextNode (AMLDocument)" href="ample/runtime/AMLDocument.xml#method-createTextNode"/>
<entry title="createComment (AMLDocument)" href="ample/runtime/AMLDocument.xml#method-createComment"/>
<entry title="createCDATASection (AMLDocument)" href="ample/runtime/AMLDocument.xml#method-createCDATASection"/>
<entry title="createProcessingInstruction (AMLDocument)" href="ample/runtime/AMLDocument.xml#method-createProcessingInstruction"/>
<entry title="createAttribute (AMLDocument)" href="ample/runtime/AMLDocument.xml#method-createAttribute"/>
<entry title="createAttributeNS (AMLDocument)" href="ample/runtime/AMLDocument.xml#method-createAttributeNS"/>
<entry title="createEntityReference (AMLDocument)" href="ample/runtime/AMLDocument.xml#method-createEntityReference"/>
<entry title="getElementById (AMLDocument)" href="ample/runtime/AMLDocument.xml#method-getElementById"/>
<entry title="getElementsByTagName (AMLDocument)" href="ample/runtime/AMLDocument.xml#method-getElementsByTagName"/>
<entry title="getElementsByTagNameNS (AMLDocument)" href="ample/runtime/AMLDocument.xml#method-getElementsByTagNameNS"/>
<entry title="importNode (AMLDocument)" href="ample/runtime/AMLDocument.xml#method-importNode"/>
<entry title="createEvent (AMLDocument)" href="ample/runtime/AMLDocument.xml#method-createEvent"/>
<entry title="querySelector (AMLDocument)" href="ample/runtime/AMLDocument.xml#method-querySelector"/>
<entry title="querySelectorAll (AMLDocument)" href="ample/runtime/AMLDocument.xml#method-querySelectorAll"/>
<entry title="$getElementPosition (AMLDocument)" href="ample/runtime/AMLDocument.xml#method-$getElementPosition"/>
<entry title="open (AMLDocument)" href="ample/runtime/AMLDocument.xml#method-open"/>
<entry title="close (AMLDocument)" href="ample/runtime/AMLDocument.xml#method-close"/>
<entry title="documentElement (AMLDocument)" href="ample/runtime/AMLDocument.xml#property-documentElement"/>
<entry title="implementation (AMLDocument)" href="ample/runtime/AMLDocument.xml#property-implementation"/>
<entry title="domConfig (AMLDocument)" href="ample/runtime/AMLDocument.xml#property-domConfig"/>
<entry title="doctype (AMLDocument)" href="ample/runtime/AMLDocument.xml#property-doctype"/>
<entry title="activeElement (AMLDocument)" href="ample/runtime/AMLDocument.xml#property-activeElement"/>
<entry title="$model (AMLDocument)" href="ample/runtime/AMLDocument.xml#property-$model"/>
<entry title="$time (AMLDocument)" href="ample/runtime/AMLDocument.xml#property-$time"/>
<entry title="load (AMLDocument)" href="ample/runtime/AMLDocument.xml#event-load"/>
<entry title="unload (AMLDocument)" href="ample/runtime/AMLDocument.xml#event-unload"/>
<entry title="abort (AMLDocument)" href="ample/runtime/AMLDocument.xml#event-abort"/>
<entry title="error (AMLDocument)" href="ample/runtime/AMLDocument.xml#event-error"/>
<entry title="resize (AMLDocument)" href="ample/runtime/AMLDocument.xml#event-resize"/>
<entry title="scroll (AMLDocument)" href="ample/runtime/AMLDocument.xml#event-scroll"/>
<entry title="readystatechange (AMLDocument)" href="ample/runtime/AMLDocument.xml#event-readystatechange"/>
<entry title="AMLDocumentFragment" href="ample/runtime/AMLDocumentFragment.xml"/>
<entry title="AMLElement" href="ample/runtime/AMLElement.xml"/>
<entry title="id (AMLElement)" href="ample/runtime/AMLElement.xml#attribute-id"/>
<entry title="on*** (AMLElement)" href="ample/runtime/AMLElement.xml#attribute-on***"/>
<entry title="xml:base (AMLElement)" href="ample/runtime/AMLElement.xml#attribute-xml:base"/>
<entry title="xml:space (AMLElement)" href="ample/runtime/AMLElement.xml#attribute-xml:space"/>
<entry title="getAttribute (AMLElement)" href="ample/runtime/AMLElement.xml#method-getAttribute"/>
<entry title="getAttributeNS (AMLElement)" href="ample/runtime/AMLElement.xml#method-getAttributeNS"/>
<entry title="setAttribute (AMLElement)" href="ample/runtime/AMLElement.xml#method-setAttribute"/>
<entry title="setAttributeNS (AMLElement)" href="ample/runtime/AMLElement.xml#method-setAttributeNS"/>
<entry title="getElementsByTagName (AMLElement)" href="ample/runtime/AMLElement.xml#method-getElementsByTagName"/>
<entry title="getElementsByTagNameNS (AMLElement)" href="ample/runtime/AMLElement.xml#method-getElementsByTagNameNS"/>
<entry title="hasAttribute (AMLElement)" href="ample/runtime/AMLElement.xml#method-hasAttribute"/>
<entry title="hasAttributeNS (AMLElement)" href="ample/runtime/AMLElement.xml#method-hasAttributeNS"/>
<entry title="removeAttribute (AMLElement)" href="ample/runtime/AMLElement.xml#method-removeAttribute"/>
<entry title="removeAttributeNS (AMLElement)" href="ample/runtime/AMLElement.xml#method-removeAttributeNS"/>
<entry title="querySelector (AMLElement)" href="ample/runtime/AMLElement.xml#method-querySelector"/>
<entry title="querySelectorAll (AMLElement)" href="ample/runtime/AMLElement.xml#method-querySelectorAll"/>
<entry title="$activate (AMLElement)" href="ample/runtime/AMLElement.xml#method-$activate"/>
<entry title="$getContainer (AMLElement)" href="ample/runtime/AMLElement.xml#method-$getContainer"/>
<entry title="$setPseudoClass (AMLElement)" href="ample/runtime/AMLElement.xml#method-$setPseudoClass"/>
<entry title="getBoundingClientRect (AMLElement)" href="ample/runtime/AMLElement.xml#method-getBoundingClientRect"/>
<entry title="scrollIntoView (AMLElement)" href="ample/runtime/AMLElement.xml#method-scrollIntoView"/>
<entry title="tagName (AMLElement)" href="ample/runtime/AMLElement.xml#property-tagName"/>
<entry title="style (AMLElement)" href="ample/runtime/AMLElement.xml#property-style"/>
<entry title="DOMActivate (AMLElement)" href="ample/runtime/AMLElement.xml#event-DOMActivate"/>
<entry title="click (AMLElement)" href="ample/runtime/AMLElement.xml#event-click"/>
<entry title="dblclick (AMLElement)" href="ample/runtime/AMLElement.xml#event-dblclick"/>
<entry title="contextmenu (AMLElement)" href="ample/runtime/AMLElement.xml#event-contextmenu"/>
<entry title="mouseup (AMLElement)" href="ample/runtime/AMLElement.xml#event-mouseup"/>
<entry title="mousedown (AMLElement)" href="ample/runtime/AMLElement.xml#event-mousedown"/>
<entry title="mouseover (AMLElement)" href="ample/runtime/AMLElement.xml#event-mouseover"/>
<entry title="mouseout (AMLElement)" href="ample/runtime/AMLElement.xml#event-mouseout"/>
<entry title="mousemove (AMLElement)" href="ample/runtime/AMLElement.xml#event-mousemove"/>
<entry title="mouseenter (AMLElement)" href="ample/runtime/AMLElement.xml#event-mouseenter"/>
<entry title="mouseleave (AMLElement)" href="ample/runtime/AMLElement.xml#event-mouseleave"/>
<entry title="mousewheel (AMLElement)" href="ample/runtime/AMLElement.xml#event-mousewheel"/>
<entry title="keyup (AMLElement)" href="ample/runtime/AMLElement.xml#event-keyup"/>
<entry title="keydown (AMLElement)" href="ample/runtime/AMLElement.xml#event-keydown"/>
<entry title="keypress (AMLElement)" href="ample/runtime/AMLElement.xml#event-keypress"/>
<entry title="textInput (AMLElement)" href="ample/runtime/AMLElement.xml#event-textInput"/>
<entry title="DOMAttrModified (AMLElement)" href="ample/runtime/AMLElement.xml#event-DOMAttrModified"/>
<entry title="AMLCharacterData" href="ample/runtime/AMLEntityReference.xml"/>
<entry title="AMLError" href="ample/runtime/AMLError.xml"/>
<entry title="severity (AMLError)" href="ample/runtime/AMLError.xml#property-severity"/>
<entry title="message (AMLError)" href="ample/runtime/AMLError.xml#property-message"/>
<entry title="type (AMLError)" href="ample/runtime/AMLError.xml#property-type"/>
<entry title="relatedException (AMLError)" href="ample/runtime/AMLError.xml#property-relatedException"/>
<entry title="relatedData (AMLError)" href="ample/runtime/AMLError.xml#property-relatedData"/>
<entry title="location (AMLError)" href="ample/runtime/AMLError.xml#property-location"/>
<entry title="SEVERITY_WARNING (AMLError)" href="ample/runtime/AMLError.xml#constant-SEVERITY_WARNING"/>
<entry title="SEVERITY_ERROR (AMLError)" href="ample/runtime/AMLError.xml#constant-SEVERITY_ERROR"/>
<entry title="SEVERITY_FATAL_ERROR (AMLError)" href="ample/runtime/AMLError.xml#constant-SEVERITY_FATAL_ERROR"/>
<entry title="AMLException" href="ample/runtime/AMLException.xml"/>
<entry title="code (AMLException)" href="ample/runtime/AMLException.xml#property-code"/>
<entry title="message (AMLException)" href="ample/runtime/AMLException.xml#property-message"/>
<entry title="INDEX_SIZE_ERR (AMLException)" href="ample/runtime/AMLException.xml#constant-INDEX_SIZE_ERR"/>
<entry title="DOMSTRING_SIZE_ERR (AMLException)" href="ample/runtime/AMLException.xml#constant-DOMSTRING_SIZE_ERR"/>
<entry title="HIERARCHY_REQUEST_ERR (AMLException)" href="ample/runtime/AMLException.xml#constant-HIERARCHY_REQUEST_ERR"/>
<entry title="WRONG_DOCUMENT_ERR (AMLException)" href="ample/runtime/AMLException.xml#constant-WRONG_DOCUMENT_ERR"/>
<entry title="INVALID_CHARACTER_ERR (AMLException)" href="ample/runtime/AMLException.xml#constant-INVALID_CHARACTER_ERR"/>
<entry title="NO_DATA_ALLOWED_ERR (AMLException)" href="ample/runtime/AMLException.xml#constant-NO_DATA_ALLOWED_ERR"/>
<entry title="NO_MODIFICATION_ALLOWED_ERR (AMLException)" href="ample/runtime/AMLException.xml#constant-NO_MODIFICATION_ALLOWED_ERR"/>
<entry title="NOT_FOUND_ERR (AMLException)" href="ample/runtime/AMLException.xml#constant-NOT_FOUND_ERR"/>
<entry title="NOT_SUPPORTED_ERR (AMLException)" href="ample/runtime/AMLException.xml#constant-NOT_SUPPORTED_ERR"/>
<entry title="INUSE_ATTRIBUTE_ERR (AMLException)" href="ample/runtime/AMLException.xml#constant-INUSE_ATTRIBUTE_ERR"/>
<entry title="INVALID_STATE_ERR (AMLException)" href="ample/runtime/AMLException.xml#constant-INVALID_STATE_ERR"/>
<entry title="SYNTAX_ERR (AMLException)" href="ample/runtime/AMLException.xml#constant-SYNTAX_ERR"/>
<entry title="INVALID_MODIFICATION_ERR (AMLException)" href="ample/runtime/AMLException.xml#constant-INVALID_MODIFICATION_ERR"/>
<entry title="NAMESPACE_ERR (AMLException)" href="ample/runtime/AMLException.xml#constant-NAMESPACE_ERR"/>
<entry title="INVALID_ACCESS_ERR (AMLException)" href="ample/runtime/AMLException.xml#constant-INVALID_ACCESS_ERR"/>
<entry title="VALIDATION_ERR (AMLException)" href="ample/runtime/AMLException.xml#constant-VALIDATION_ERR"/>
<entry title="TYPE_MISMATCH_ERR (AMLException)" href="ample/runtime/AMLException.xml#constant-TYPE_MISMATCH_ERR"/>
<entry title="AML_ARGUMENT_MISSING_ERR (AMLException)" href="ample/runtime/AMLException.xml#constant-AML_ARGUMENT_MISSING_ERR"/>
<entry title="AML_ARGUMENT_WRONG_TYPE_ERR (AMLException)" href="ample/runtime/AMLException.xml#constant-AML_ARGUMENT_WRONG_TYPE_ERR"/>
<entry title="AML_SELECTOR_ELEMENT_ERR (AMLException)" href="ample/runtime/AMLException.xml#constant-AML_SELECTOR_ELEMENT_ERR"/>
<entry title="AML_SELECTOR_ATTRIBUTE_ERR (AMLException)" href="ample/runtime/AMLException.xml#constant-AML_SELECTOR_ATTRIBUTE_ERR"/>
<entry title="AML_NOT_INITIALIZED_ERR (AMLException)" href="ample/runtime/AMLException.xml#constant-AML_NOT_INITIALIZED_ERR"/>
<entry title="AMLNode" href="ample/runtime/AMLNode.xml"/>
<entry title="appendChild (AMLNode)" href="ample/runtime/AMLNode.xml#method-appendChild"/>
<entry title="insertBefore (AMLNode)" href="ample/runtime/AMLNode.xml#method-insertBefore"/>
<entry title="removeChild (AMLNode)" href="ample/runtime/AMLNode.xml#method-removeChild"/>
<entry title="replaceChild (AMLNode)" href="ample/runtime/AMLNode.xml#method-replaceChild"/>
<entry title="hasAttributes (AMLNode)" href="ample/runtime/AMLNode.xml#method-hasAttributes"/>
<entry title="hasChildNodes (AMLNode)" href="ample/runtime/AMLNode.xml#method-hasChildNodes"/>
<entry title="cloneNode (AMLNode)" href="ample/runtime/AMLNode.xml#method-cloneNode"/>
<entry title="lookupPrefix (AMLNode)" href="ample/runtime/AMLNode.xml#method-lookupPrefix"/>
<entry title="lookupNamespaceURI (AMLNode)" href="ample/runtime/AMLNode.xml#method-lookupNamespaceURI"/>
<entry title="isDefaultNamespace (AMLNode)" href="ample/runtime/AMLNode.xml#method-isDefaultNamespace"/>
<entry title="normalize (AMLNode)" href="ample/runtime/AMLNode.xml#method-normalize"/>
<entry title="dispatchEvent (AMLNode)" href="ample/runtime/AMLNode.xml#method-dispatchEvent"/>
<entry title="addEventListener (AMLNode)" href="ample/runtime/AMLNode.xml#method-addEventListener"/>
<entry title="removeEventListener (AMLNode)" href="ample/runtime/AMLNode.xml#method-removeEventListener"/>
<entry title="canDispatch (AMLNode)" href="ample/runtime/AMLNode.xml#method-canDispatch"/>
<entry title="compareDocumentPosition (AMLNode)" href="ample/runtime/AMLNode.xml#method-compareDocumentPosition"/>
<entry title="parentNode (AMLNode)" href="ample/runtime/AMLNode.xml#property-parentNode"/>
<entry title="firstChild (AMLNode)" href="ample/runtime/AMLNode.xml#property-firstChild"/>
<entry title="lastChild (AMLNode)" href="ample/runtime/AMLNode.xml#property-lastChild"/>
<entry title="nextSibling (AMLNode)" href="ample/runtime/AMLNode.xml#property-nextSibling"/>
<entry title="previousSibling (AMLNode)" href="ample/runtime/AMLNode.xml#property-previousSibling"/>
<entry title="nodeName (AMLNode)" href="ample/runtime/AMLNode.xml#property-nodeName"/>
<entry title="nodeType (AMLNode)" href="ample/runtime/AMLNode.xml#property-nodeType"/>
<entry title="nodeValue (AMLNode)" href="ample/runtime/AMLNode.xml#property-nodeValue"/>
<entry title="localName (AMLNode)" href="ample/runtime/AMLNode.xml#property-localName"/>
<entry title="prefix (AMLNode)" href="ample/runtime/AMLNode.xml#property-prefix"/>
<entry title="namespaceURI (AMLNode)" href="ample/runtime/AMLNode.xml#property-namespaceURI"/>
<entry title="baseURI (AMLNode)" href="ample/runtime/AMLNode.xml#property-baseURI"/>
<entry title="ownerDocument (AMLNode)" href="ample/runtime/AMLNode.xml#property-ownerDocument"/>
<entry title="attributes (AMLNode)" href="ample/runtime/AMLNode.xml#property-attributes"/>
<entry title="childNodes (AMLNode)" href="ample/runtime/AMLNode.xml#property-childNodes"/>
<entry title="ELEMENT_NODE (AMLNode)" href="ample/runtime/AMLNode.xml#constant-ELEMENT_NODE"/>
<entry title="ATTRIBUTE_NODE (AMLNode)" href="ample/runtime/AMLNode.xml#constant-ATTRIBUTE_NODE"/>
<entry title="TEXT_NODE (AMLNode)" href="ample/runtime/AMLNode.xml#constant-TEXT_NODE"/>
<entry title="CDATA_SECTION_NODE (AMLNode)" href="ample/runtime/AMLNode.xml#constant-CDATA_SECTION_NODE"/>
<entry title="ENTITY_REFERENCE_NODE (AMLNode)" href="ample/runtime/AMLNode.xml#constant-ENTITY_REFERENCE_NODE"/>
<entry title="ENTITY_NODE (AMLNode)" href="ample/runtime/AMLNode.xml#constant-ENTITY_NODE"/>
<entry title="PROCESSING_INSTRUCTION_NODE (AMLNode)" href="ample/runtime/AMLNode.xml#constant-PROCESSING_INSTRUCTION_NODE"/>
<entry title="COMMENT_NODE (AMLNode)" href="ample/runtime/AMLNode.xml#constant-COMMENT_NODE"/>
<entry title="DOCUMENT_NODE (AMLNode)" href="ample/runtime/AMLNode.xml#constant-DOCUMENT_NODE"/>
<entry title="DOCUMENT_TYPE_NODE (AMLNode)" href="ample/runtime/AMLNode.xml#constant-DOCUMENT_TYPE_NODE"/>
<entry title="DOCUMENT_FRAGMENT_NODE (AMLNode)" href="ample/runtime/AMLNode.xml#constant-DOCUMENT_FRAGMENT_NODE"/>
<entry title="NOTATION_NODE (AMLNode)" href="ample/runtime/AMLNode.xml#constant-NOTATION_NODE"/>
<entry title="DOMNodeInsertedIntoDocument (AMLNode)" href="ample/runtime/AMLNode.xml#event-DOMNodeInsertedIntoDocument"/>
<entry title="DOMNodeRemovedFromDocument (AMLNode)" href="ample/runtime/AMLNode.xml#event-DOMNodeRemovedFromDocument"/>
<entry title="DOMNodeInserted (AMLNode)" href="ample/runtime/AMLNode.xml#event-DOMNodeInserted"/>
<entry title="DOMNodeRemoved (AMLNode)" href="ample/runtime/AMLNode.xml#event-DOMNodeRemoved"/>
<entry title="AMLImplementation" href="ample/runtime/AMLImplementation.xml"/>
<entry title="createDocument (AMLImplementation)" href="ample/runtime/AMLImplementation.xml#method-createDocument"/>
<entry title="createDocumentType (AMLImplementation)" href="ample/runtime/AMLImplementation.xml#method-createDocumentType"/>
<entry title="hasFeature (AMLImplementation)" href="ample/runtime/AMLImplementation.xml#method-hasFeature"/>
<entry title="AMLNodeList" href="ample/runtime/AMLNodeList.xml"/>
<entry title="item (AMLNodeList)" href="ample/runtime/AMLNodeList.xml#method-item"/>
<entry title="length (AMLNodeList)" href="ample/runtime/AMLNodeList.xml#property-length"/>
<entry title="AMLProcessingInstruction" href="ample/runtime/AMLProcessingInstruction.xml"/>
<entry title="data (AMLProcessingInstruction)" href="ample/runtime/AMLProcessingInstruction.xml#property-data"/>
<entry title="target (AMLProcessingInstruction)" href="ample/runtime/AMLProcessingInstruction.xml#property-target"/>
<entry title="AMLStringList" href="ample/runtime/AMLStringList.xml"/>
<entry title="length (AMLStringList)" href="ample/runtime/AMLStringList.xml#property-length"/>
<entry title="item (AMLStringList)" href="ample/runtime/AMLStringList.xml#method-item"/>
<entry title="contains (AMLStringList)" href="ample/runtime/AMLStringList.xml#method-contains"/>
<entry title="AMLText" href="ample/runtime/AMLText.xml"/>
<entry title="splitText (AMLText)" href="ample/runtime/AMLText.xml#method-splitText"/>
<entry title="AMLEvent" href="ample/runtime/AMLEvent.xml"/>
<entry title="initEvent (AMLEvent)" href="ample/runtime/AMLEvent.xml#method-initEvent"/>
<entry title="preventDefault (AMLEvent)" href="ample/runtime/AMLEvent.xml#method-preventDefault"/>
<entry title="stopPropagation (AMLEvent)" href="ample/runtime/AMLEvent.xml#method-stopPropagation"/>
<entry title="stopImmediatePropagation (AMLEvent)" href="ample/runtime/AMLEvent.xml#method-stopImmediatePropagation"/>
<entry title="bubbles (AMLEvent)" href="ample/runtime/AMLEvent.xml#property-bubbles"/>
<entry title="cancelable (AMLEvent)" href="ample/runtime/AMLEvent.xml#property-cancelable"/>
<entry title="currentTarget (AMLEvent)" href="ample/runtime/AMLEvent.xml#property-currentTarget"/>
<entry title="eventPhase (AMLEvent)" href="ample/runtime/AMLEvent.xml#property-eventPhase"/>
<entry title="target (AMLEvent)" href="ample/runtime/AMLEvent.xml#property-target"/>
<entry title="timeStamp (AMLEvent)" href="ample/runtime/AMLEvent.xml#property-timeStamp"/>
<entry title="type (AMLEvent)" href="ample/runtime/AMLEvent.xml#property-type"/>
<entry title="defaultPrevented (AMLEvent)" href="ample/runtime/AMLEvent.xml#property-defaultPrevented"/>
<entry title="namespaceURI (AMLEvent)" href="ample/runtime/AMLEvent.xml#property-namespaceURI"/>
<entry title="CAPTURING_PHASE (AMLEvent)" href="ample/runtime/AMLEvent.xml#constant-CAPTURING_PHASE"/>
<entry title="AT_TARGET (AMLEvent)" href="ample/runtime/AMLEvent.xml#constant-AT_TARGET"/>
<entry title="BUBBLING_PHASE (AMLEvent)" href="ample/runtime/AMLEvent.xml#constant-BUBBLING_PHASE"/>
<entry title="AMLCustomEvent" href="ample/runtime/AMLCustomEvent.xml"/>
<entry title="initCustomEvent (AMLCustomEvent)" href="ample/runtime/AMLCustomEvent.xml#method-initCustomEvent"/>
<entry title="detail (AMLCustomEvent)" href="ample/runtime/AMLCustomEvent.xml#property-detail"/>
<entry title="AMLUIEvent" href="ample/runtime/AMLUIEvent.xml"/>
<entry title="initUIEvent (AMLUIEvent)" href="ample/runtime/AMLUIEvent.xml#method-initUIEvent"/>
<entry title="detail (AMLUIEvent)" href="ample/runtime/AMLUIEvent.xml#property-detail"/>
<entry title="view (AMLUIEvent)" href="ample/runtime/AMLUIEvent.xml#property-view"/>
<entry title="$pseudoTarget (AMLUIEvent)" href="ample/runtime/AMLUIEvent.xml#property-$pseudoTarget"/>
<entry title="AMLMouseEvent" href="ample/runtime/AMLMouseEvent.xml"/>
<entry title="initMouseEvent (AMLMouseEvent)" href="ample/runtime/AMLMouseEvent.xml#method-initMouseEvent"/>
<entry title="getModifierState (AMLMouseEvent)" href="ample/runtime/AMLMouseEvent.xml#method-getModifierState"/>
<entry title="altKey (AMLMouseEvent)" href="ample/runtime/AMLMouseEvent.xml#property-altKey"/>
<entry title="button (AMLMouseEvent)" href="ample/runtime/AMLMouseEvent.xml#property-button"/>
<entry title="clientX (AMLMouseEvent)" href="ample/runtime/AMLMouseEvent.xml#property-clientX"/>
<entry title="clientY (AMLMouseEvent)" href="ample/runtime/AMLMouseEvent.xml#property-clientY"/>
<entry title="ctrlKey (AMLMouseEvent)" href="ample/runtime/AMLMouseEvent.xml#property-ctrlKey"/>
<entry title="metaKey (AMLMouseEvent)" href="ample/runtime/AMLMouseEvent.xml#property-metaKey"/>
<entry title="relatedTarget (AMLMouseEvent)" href="ample/runtime/AMLMouseEvent.xml#property-relatedTarget"/>
<entry title="screenX (AMLMouseEvent)" href="ample/runtime/AMLMouseEvent.xml#property-screenX"/>
<entry title="screenY (AMLMouseEvent)" href="ample/runtime/AMLMouseEvent.xml#property-screenY"/>
<entry title="shiftKey (AMLMouseEvent)" href="ample/runtime/AMLMouseEvent.xml#property-shiftKey"/>
<entry title="AMLMouseWheelEvent" href="ample/runtime/AMLMouseWheelEvent.xml"/>
<entry title="initMouseWheelEvent (AMLMouseWheelEvent)" href="ample/runtime/AMLMouseWheelEvent.xml#method-initMouseWheelEvent"/>
<entry title="wheelDelta (AMLMouseWheelEvent)" href="ample/runtime/AMLMouseWheelEvent.xml#property-wheelDelta"/>
<entry title="AMLKeyboardEvent" href="ample/runtime/AMLKeyboardEvent.xml"/>
<entry title="initKeyboardEvent (AMLKeyboardEvent)" href="ample/runtime/AMLKeyboardEvent.xml#method-initKeyboardEvent"/>
<entry title="getModifierState (AMLKeyboardEvent)" href="ample/runtime/AMLKeyboardEvent.xml#method-getModifierState"/>
<entry title="keyIdentifier (AMLKeyboardEvent)" href="ample/runtime/AMLKeyboardEvent.xml#property-keyIdentifier"/>
<entry title="keyLocation (AMLKeyboardEvent)" href="ample/runtime/AMLKeyboardEvent.xml#property-keyLocation"/>
<entry title="ctrlKey (AMLKeyboardEvent)" href="ample/runtime/AMLKeyboardEvent.xml#property-ctrlKey"/>
<entry title="metaKey (AMLKeyboardEvent)" href="ample/runtime/AMLKeyboardEvent.xml#property-metaKey"/>
<entry title="shiftKey (AMLKeyboardEvent)" href="ample/runtime/AMLKeyboardEvent.xml#property-shiftKey"/>
<entry title="altKey (AMLKeyboardEvent)" href="ample/runtime/AMLKeyboardEvent.xml#property-altKey"/>
<entry title="DOM_KEY_LOCATION_LEFT (AMLKeyboardEvent)" href="ample/runtime/AMLKeyboardEvent.xml#constant-DOM_KEY_LOCATION_LEFT"/>
<entry title="DOM_KEY_LOCATION_NUMPAD (AMLKeyboardEvent)" href="ample/runtime/AMLKeyboardEvent.xml#constant-DOM_KEY_LOCATION_NUMPAD"/>
<entry title="DOM_KEY_LOCATION_RIGHT (AMLKeyboardEvent)" href="ample/runtime/AMLKeyboardEvent.xml#constant-DOM_KEY_LOCATION_RIGHT"/>
<entry title="DOM_KEY_LOCATION_STANDARD (AMLKeyboardEvent)" href="ample/runtime/AMLKeyboardEvent.xml#constant-DOM_KEY_LOCATION_STANDARD"/>
<entry title="AMLTextEvent" href="ample/runtime/AMLTextEvent.xml"/>
<entry title="initTextEvent (AMLTextEvent)" href="ample/runtime/AMLTextEvent.xml#method-initTextEvent"/>
<entry title="view (AMLTextEvent)" href="ample/runtime/AMLTextEvent.xml#property-view"/>
<entry title="charCode (AMLTextEvent)" href="ample/runtime/AMLTextEvent.xml#property-charCode"/>
<entry title="AMLMutationEvent" href="ample/runtime/AMLMutationEvent.xml"/>
<entry title="initMutationEvent (AMLMutationEvent)" href="ample/runtime/AMLMutationEvent.xml#method-initMutationEvent"/>
<entry title="attrChange (AMLMutationEvent)" href="ample/runtime/AMLMutationEvent.xml#property-attrChange"/>
<entry title="attrName (AMLMutationEvent)" href="ample/runtime/AMLMutationEvent.xml#property-attrName"/>
<entry title="newValue (AMLMutationEvent)" href="ample/runtime/AMLMutationEvent.xml#property-newValue"/>
<entry title="prevValue (AMLMutationEvent)" href="ample/runtime/AMLMutationEvent.xml#property-prevValue"/>
<entry title="relatedNode (AMLMutationEvent)" href="ample/runtime/AMLMutationEvent.xml#property-relatedNode"/>
<entry title="MODIFICATION (AMLMutationEvent)" href="ample/runtime/AMLMutationEvent.xml#constant-MODIFICATION"/>
<entry title="ADDITION (AMLMutationEvent)" href="ample/runtime/AMLMutationEvent.xml#constant-ADDITION"/>
<entry title="REMOVAL (AMLMutationEvent)" href="ample/runtime/AMLMutationEvent.xml#constant-REMOVAL"/>
<entry title="AMLResizeEvent" href="ample/runtime/AMLResizeEvent.xml"/>
<entry title="initResizeEvent (AMLResizeEvent)" href="ample/runtime/AMLResizeEvent.xml#method-initResizeEvent"/>
<entry title="edge (AMLResizeEvent)" href="ample/runtime/AMLResizeEvent.xml#property-edge"/>
<entry title="AMLDragEvent" href="ample/runtime/AMLDragEvent.xml"/>
<entry title="initDragEvent (AMLDragEvent)" href="ample/runtime/AMLDragEvent.xml#method-initDragEvent"/>
<entry title="dataTransfer (AMLDragEvent)" href="ample/runtime/AMLDragEvent.xml#property-dataTransfer"/>
<entry title="AMLNamespace" href="ample/runtime/AMLNamespace.xml"/>
<entry title="namespaceURI (AMLNamespace)" href="ample/runtime/AMLNamespace.xml#property-namespaceURI"/>
<entry title="elements (AMLNamespace)" href="ample/runtime/AMLNamespace.xml#property-elements"/>
<entry title="attributes (AMLNamespace)" href="ample/runtime/AMLNamespace.xml#property-attributes"/>
<entry title="setElement (AMLNamespace)" href="ample/runtime/AMLNamespace.xml#method-setElement"/>
<entry title="getElement (AMLNamespace)" href="ample/runtime/AMLNamespace.xml#method-getElement"/>
<entry title="setAttribute (AMLNamespace)" href="ample/runtime/AMLNamespace.xml#method-setAttribute"/>
<entry title="getAttribute (AMLNamespace)" href="ample/runtime/AMLNamespace.xml#method-getAttribute"/>
<entry title="AMLSerialier" href="ample/runtime/AMLSerializer.xml"/>
<entry title="serializeToString (AMLSerialier)" href="ample/runtime/AMLSerializer.xml#method-serializeToString"/>
<entry title="AMLDataTransfer" href="ample/runtime/AMLDataTransfer.xml"/>
<entry title="dropEffect (AMLDataTransfer)" href="ample/runtime/AMLDataTransfer.xml#property-dropEffect"/>
<entry title="effectAllowed (AMLDataTransfer)" href="ample/runtime/AMLDataTransfer.xml#property-effectAllowed"/>
<entry title="types (AMLDataTransfer)" href="ample/runtime/AMLDataTransfer.xml#property-types"/>
<entry title="clearData (AMLDataTransfer)" href="ample/runtime/AMLDataTransfer.xml#method-clearData"/>
<entry title="setData (AMLDataTransfer)" href="ample/runtime/AMLDataTransfer.xml#method-setData"/>
<entry title="getData (AMLDataTransfer)" href="ample/runtime/AMLDataTransfer.xml#method-getData"/>
<entry title="setDragImage (AMLDataTransfer)" href="ample/runtime/AMLDataTransfer.xml#method-setDragImage"/>
<entry title="addElement (AMLDataTransfer)" href="ample/runtime/AMLDataTransfer.xml#method-addElement"/>
<entry title="AMLCapture" href="ample/runtime/mCapture.xml"/>
<entry title="$setCapture (AMLCapture)" href="ample/runtime/mCapture.xml#method-$setCapture"/>
<entry title="$releaseCapture (AMLCapture)" href="ample/runtime/mCapture.xml#method-$releaseCapture"/>
<entry title="$setModal (AMLCapture)" href="ample/runtime/mCapture.xml#method-$setModal"/>
<entry title="$releaseModal (AMLCapture)" href="ample/runtime/mCapture.xml#method-$releaseModal"/>
<entry title="losecapture (AMLCapture)" href="ample/runtime/mCapture.xml#event-losecapture"/>
<entry title="capture (AMLCapture)" href="ample/runtime/mCapture.xml#event-capture"/>
<entry title="AMLDragAndDrop" href="ample/runtime/mDragAndDrop.xml"/>
<entry title="$draggable (AMLDragAndDrop)" href="ample/runtime/mDragAndDrop.xml#property-$draggable"/>
<entry title="$droppable (AMLDragAndDrop)" href="ample/runtime/mDragAndDrop.xml#property-$droppable"/>
<entry title="dragstart (AMLDragAndDrop)" href="ample/runtime/mDragAndDrop.xml#event-dragstart"/>
<entry title="dragend (AMLDragAndDrop)" href="ample/runtime/mDragAndDrop.xml#event-dragend"/>
<entry title="dragenter (AMLDragAndDrop)" href="ample/runtime/mDragAndDrop.xml#event-dragenter"/>
<entry title="dragover (AMLDragAndDrop)" href="ample/runtime/mDragAndDrop.xml#event-dragover"/>
<entry title="dragleave (AMLDragAndDrop)" href="ample/runtime/mDragAndDrop.xml#event-dragleave"/>
<entry title="drag (AMLDragAndDrop)" href="ample/runtime/mDragAndDrop.xml#event-drag"/>
<entry title="drop (AMLDragAndDrop)" href="ample/runtime/mDragAndDrop.xml#event-drop"/>
<entry title="drag (AMLDragAndDrop)" href="ample/runtime/mDragAndDrop.xml#pseudoclass-drag"/>
<entry title="drop (AMLDragAndDrop)" href="ample/runtime/mDragAndDrop.xml#pseudoclass-drop"/>
<entry title="AMLEffect" href="ample/runtime/mEffect.xml"/>
<entry title="EFFECT_LINEAR (AMLEffect)" href="ample/runtime/mEffect.xml#constant-EFFECT_LINEAR"/>
<entry title="EFFECT_ACCELERATE (AMLEffect)" href="ample/runtime/mEffect.xml#constant-EFFECT_ACCELERATE"/>
<entry title="EFFECT_DECELERATE (AMLEffect)" href="ample/runtime/mEffect.xml#constant-EFFECT_DECELERATE"/>
<entry title="$play (AMLEffect)" href="ample/runtime/mEffect.xml#method-$play"/>
<entry title="$stop (AMLEffect)" href="ample/runtime/mEffect.xml#method-$stop"/>
<entry title="effectstart (AMLEffect)" href="ample/runtime/mEffect.xml#event-effectstart"/>
<entry title="effectend (AMLEffect)" href="ample/runtime/mEffect.xml#event-effectend"/>
<entry title="AMLFocus" href="ample/runtime/mFocus.xml"/>
<entry title="focus (AMLFocus)" href="ample/runtime/mFocus.xml#method-focus"/>
<entry title="blur (AMLFocus)" href="ample/runtime/mFocus.xml#method-blur"/>
<entry title="$isAccessible (AMLFocus)" href="ample/runtime/mFocus.xml#method-$isAccessible"/>
<entry title="tabIndex (AMLFocus)" href="ample/runtime/mFocus.xml#property-tabIndex"/>
<entry title="accessKey (AMLFocus)" href="ample/runtime/mFocus.xml#property-accessKey"/>
<entry title="focus (AMLFocus)" href="ample/runtime/mFocus.xml#event-focus"/>
<entry title="blur (AMLFocus)" href="ample/runtime/mFocus.xml#event-blur"/>
<entry title="DOMFocusIn (AMLFocus)" href="ample/runtime/mFocus.xml#event-DOMFocusIn"/>
<entry title="DOMFocusOut (AMLFocus)" href="ample/runtime/mFocus.xml#event-DOMFocusOut"/>
<entry title="focus (AMLFocus)" href="ample/runtime/mFocus.xml#pseudoclass-focus"/>
<entry title="AMLHistory" href="ample/runtime/mHistory.xml"/>
<entry title="$bookmark (AMLHistory)" href="ample/runtime/mHistory.xml#method-$bookmark"/>
<entry title="navigate (AMLHistory)" href="ample/runtime/mHistory.xml#event-navigate"/>
<entry title="hashchange (AMLHistory)" href="ample/runtime/mHistory.xml#event-hashchange"/>
<entry title="AMLContentLoader" href="ample/runtime/mContentLoader.xml"/>
<entry title="$load (AMLContentLoader)" href="ample/runtime/mContentLoader.xml#method-$load"/>
<entry title="load (AMLContentLoader)" href="ample/runtime/mContentLoader.xml#event-load"/>
<entry title="unload (AMLContentLoader)" href="ample/runtime/mContentLoader.xml#event-unload"/>
<entry title="error (AMLContentLoader)" href="ample/runtime/mContentLoader.xml#event-error"/>
<entry title="AMLResize" href="ample/runtime/mResize.xml"/>
<entry title="$resizable (AMLResize)" href="ample/runtime/mResize.xml#property-$resizable"/>
<entry title="resizestart (AMLResize)" href="ample/runtime/mResize.xml#event-resizestart"/>
<entry title="resizeend (AMLResize)" href="ample/runtime/mResize.xml#event-resizeend"/>
<entry title="resize (AMLResize)" href="ample/runtime/mResize.xml#event-resize"/>
<entry title="resize (AMLResize)" href="ample/runtime/mResize.xml#pseudoclass-resize"/>
<entry title="AMLSelection" href="ample/runtime/mSelection.xml"/>
<entry title="$selectable (AMLSelection)" href="ample/runtime/mSelection.xml#property-$selectable"/>
<entry title="JSON" href="ample/runtime/JSON.xml"/>
<entry title="stringify (JSON)" href="ample/runtime/JSON.xml#method-stringify"/>
<entry title="parse (JSON)" href="ample/runtime/JSON.xml#method-parse"/>
<entry title="DOMParser" href="ample/runtime/DOMParser.xml"/>
<entry title="baseURI (DOMParser)" href="ample/runtime/DOMParser.xml#property-baseURI"/>
<entry title="parseFromString (DOMParser)" href="ample/runtime/DOMParser.xml#method-parseFromString"/>
<entry title="XMLSerialier" href="ample/runtime/XMLSerializer.xml"/>
<entry title="serializeToString (XMLSerialier)" href="ample/runtime/XMLSerializer.xml#method-serializeToString"/>
<entry title="XSLTProcessor" href="ample/runtime/XSLTProcessor.xml"/>
<entry title="clearParameters (XSLTProcessor)" href="ample/runtime/XSLTProcessor.xml#method-clearParameters"/>
<entry title="getParameter (XSLTProcessor)" href="ample/runtime/XSLTProcessor.xml#method-getParameter"/>
<entry title="setParameter (XSLTProcessor)" href="ample/runtime/XSLTProcessor.xml#method-setParameter"/>
<entry title="removeParameter (XSLTProcessor)" href="ample/runtime/XSLTProcessor.xml#method-removeParameter"/>
<entry title="reset (XSLTProcessor)" href="ample/runtime/XSLTProcessor.xml#method-reset"/>
<entry title="importStylesheet (XSLTProcessor)" href="ample/runtime/XSLTProcessor.xml#method-importStylesheet"/>
<entry title="transformToDocument (XSLTProcessor)" href="ample/runtime/XSLTProcessor.xml#method-transformToDocument"/>
<entry title="transformToFragment (XSLTProcessor)" href="ample/runtime/XSLTProcessor.xml#method-transformToFragment"/>
<entry title="XMLHttpRequest" href="ample/runtime/XMLHttpRequest.xml"/>
<entry title="readyState (XMLHttpRequest)" href="ample/runtime/XMLHttpRequest.xml#property-readyState"/>
<entry title="onreadystatechange (XMLHttpRequest)" href="ample/runtime/XMLHttpRequest.xml#property-onreadystatechange"/>
<entry title="responseText (XMLHttpRequest)" href="ample/runtime/XMLHttpRequest.xml#property-responseText"/>
<entry title="responseXML (XMLHttpRequest)" href="ample/runtime/XMLHttpRequest.xml#property-responseXML"/>
<entry title="status (XMLHttpRequest)" href="ample/runtime/XMLHttpRequest.xml#property-status"/>
<entry title="statusText (XMLHttpRequest)" href="ample/runtime/XMLHttpRequest.xml#property-statusText"/>
<entry title="open (XMLHttpRequest)" href="ample/runtime/XMLHttpRequest.xml#method-open"/>
<entry title="send (XMLHttpRequest)" href="ample/runtime/XMLHttpRequest.xml#method-send"/>
<entry title="abort (XMLHttpRequest)" href="ample/runtime/XMLHttpRequest.xml#method-abort"/>
<entry title="setRequestHeader (XMLHttpRequest)" href="ample/runtime/XMLHttpRequest.xml#method-setRequestHeader"/>
<entry title="getResponseHeader (XMLHttpRequest)" href="ample/runtime/XMLHttpRequest.xml#method-getResponseHeader"/>
<entry title="getAllResponseHeaders (XMLHttpRequest)" href="ample/runtime/XMLHttpRequest.xml#method-getAllResponseHeaders"/>
<entry title="XML Inclusions (XInclude) Version 1.0" href="ample/xinclude10/xinclude10.xml"/>
<entry title="- Namespace URI" href="ample/xinclude10/xinclude10.xml"/>
<entry title="- Ample SDK implementation details" href="ample/xinclude10/xinclude10.xml"/>
<entry title="include" href="ample/xinclude10/include.xml"/>
<entry title="href (include)" href="ample/xinclude10/include.xml#attribute-href"/>
<entry title="parse (include)" href="ample/xinclude10/include.xml#attribute-parse"/>
<entry title="xpointer (include)" href="ample/xinclude10/include.xml#attribute-xpointer"/>
<entry title="encoding (include)" href="ample/xinclude10/include.xml#attribute-encoding"/>
<entry title="accept (include)" href="ample/xinclude10/include.xml#attribute-accept"/>
<entry title="accept-language (include)" href="ample/xinclude10/include.xml#attribute-accept-language"/>
<entry title="fallback" href="ample/xinclude10/fallback.xml"/>
<entry title="XML Events Version 1.0" href="ample/xmlevents10/xmlevents10.xml"/>
<entry title="- Namespace URI" href="ample/xmlevents10/xmlevents10.xml"/>
<entry title="- Ample SDK implementation details" href="ample/xmlevents10/xmlevents10.xml"/>
<entry title="listener" href="ample/xmlevents10/listener.xml"/>
<entry title="event (listener)" href="ample/xmlevents10/listener.xml#attribute-event"/>
<entry title="observer (listener)" href="ample/xmlevents10/listener.xml#attribute-observer"/>
<entry title="target (listener)" href="ample/xmlevents10/listener.xml#attribute-target"/>
<entry title="handler (listener)" href="ample/xmlevents10/listener.xml#attribute-handler"/>
<entry title="phase (listener)" href="ample/xmlevents10/listener.xml#attribute-phase"/>
<entry title="propagate (listener)" href="ample/xmlevents10/listener.xml#attribute-propagate"/>
<entry title="defaultAction (listener)" href="ample/xmlevents10/listener.xml#attribute-defaultAction"/>
<entry title="Synchronized Multimedia Integration Language (SMIL 3.0)" href="ample/smil30/smil30.xml"/>
<entry title="- Namespace URI" href="ample/smil30/smil30.xml"/>
<entry title="- Ample SDK implementation details" href="ample/smil30/smil30.xml"/>
<entry title="animate" href="ample/smil30/animate.xml"/>
<entry title="attributeName (animate)" href="ample/smil30/animate.xml#attribute-attributeName"/>
<entry title="attributeType (animate)" href="ample/smil30/animate.xml#attribute-attributeType"/>
<entry title="targetElement (animate)" href="ample/smil30/animate.xml#attribute-targetElement"/>
<entry title="from (animate)" href="ample/smil30/animate.xml#attribute-from"/>
<entry title="to (animate)" href="ample/smil30/animate.xml#attribute-to"/>
<entry title="by (animate)" href="ample/smil30/animate.xml#attribute-by"/>
<entry title="values (animate)" href="ample/smil30/animate.xml#attribute-values"/>
<entry title="calcMode (animate)" href="ample/smil30/animate.xml#attribute-calcMode"/>
<entry title="accumulate (animate)" href="ample/smil30/animate.xml#attribute-accumulate"/>
<entry title="additive (animate)" href="ample/smil30/animate.xml#attribute-additive"/>
<entry title="fill (animate)" href="ample/smil30/animate.xml#attribute-fill"/>
<entry title="begin (animate)" href="ample/smil30/animate.xml#attribute-begin"/>
<entry title="dur (animate)" href="ample/smil30/animate.xml#attribute-dur"/>
<entry title="end (animate)" href="ample/smil30/animate.xml#attribute-end"/>
<entry title="repeatCount (animate)" href="ample/smil30/animate.xml#attribute-repeatCount"/>
<entry title="repeatDur (animate)" href="ample/smil30/animate.xml#attribute-repeatDur"/>
<entry title="autoReverse (animate)" href="ample/smil30/animate.xml#attribute-autoReverse"/>
<entry title="accelerate (animate)" href="ample/smil30/animate.xml#attribute-accelerate"/>
<entry title="decelerate (animate)" href="ample/smil30/animate.xml#attribute-decelerate"/>
<entry title="speed (animate)" href="ample/smil30/animate.xml#attribute-speed"/>
<entry title="animateMotion" href="ample/smil30/animateMotion.xml"/>
<entry title="attributeName (animateMotion)" href="ample/smil30/animateMotion.xml#attribute-attributeName"/>
<entry title="attributeType (animateMotion)" href="ample/smil30/animateMotion.xml#attribute-attributeType"/>
<entry title="targetElement (animateMotion)" href="ample/smil30/animateMotion.xml#attribute-targetElement"/>
<entry title="from (animateMotion)" href="ample/smil30/animateMotion.xml#attribute-from"/>
<entry title="to (animateMotion)" href="ample/smil30/animateMotion.xml#attribute-to"/>
<entry title="by (animateMotion)" href="ample/smil30/animateMotion.xml#attribute-by"/>
<entry title="values (animateMotion)" href="ample/smil30/animateMotion.xml#attribute-values"/>
<entry title="calcMode (animateMotion)" href="ample/smil30/animateMotion.xml#attribute-calcMode"/>
<entry title="accumulate (animateMotion)" href="ample/smil30/animateMotion.xml#attribute-accumulate"/>
<entry title="additive (animateMotion)" href="ample/smil30/animateMotion.xml#attribute-additive"/>
<entry title="fill (animateMotion)" href="ample/smil30/animateMotion.xml#attribute-fill"/>
<entry title="begin (animateMotion)" href="ample/smil30/animateMotion.xml#attribute-begin"/>
<entry title="dur (animateMotion)" href="ample/smil30/animateMotion.xml#attribute-dur"/>
<entry title="end (animateMotion)" href="ample/smil30/animateMotion.xml#attribute-end"/>
<entry title="repeatCount (animateMotion)" href="ample/smil30/animateMotion.xml#attribute-repeatCount"/>
<entry title="repeatDur (animateMotion)" href="ample/smil30/animateMotion.xml#attribute-repeatDur"/>
<entry title="autoReverse (animateMotion)" href="ample/smil30/animateMotion.xml#attribute-autoReverse"/>
<entry title="accelerate (animateMotion)" href="ample/smil30/animateMotion.xml#attribute-accelerate"/>
<entry title="decelerate (animateMotion)" href="ample/smil30/animateMotion.xml#attribute-decelerate"/>
<entry title="speed (animateMotion)" href="ample/smil30/animateMotion.xml#attribute-speed"/>
<entry title="animateColor" href="ample/smil30/animateColor.xml"/>
<entry title="attributeName (animateColor)" href="ample/smil30/animateColor.xml#attribute-attributeName"/>
<entry title="attributeType (animateColor)" href="ample/smil30/animateColor.xml#attribute-attributeType"/>
<entry title="targetElement (animateColor)" href="ample/smil30/animateColor.xml#attribute-targetElement"/>
<entry title="from (animateColor)" href="ample/smil30/animateColor.xml#attribute-from"/>
<entry title="to (animateColor)" href="ample/smil30/animateColor.xml#attribute-to"/>
<entry title="by (animateColor)" href="ample/smil30/animateColor.xml#attribute-by"/>
<entry title="values (animateColor)" href="ample/smil30/animateColor.xml#attribute-values"/>
<entry title="calcMode (animateColor)" href="ample/smil30/animateColor.xml#attribute-calcMode"/>
<entry title="accumulate (animateColor)" href="ample/smil30/animateColor.xml#attribute-accumulate"/>
<entry title="additive (animateColor)" href="ample/smil30/animateColor.xml#attribute-additive"/>
<entry title="fill (animateColor)" href="ample/smil30/animateColor.xml#attribute-fill"/>
<entry title="begin (animateColor)" href="ample/smil30/animateColor.xml#attribute-begin"/>
<entry title="dur (animateColor)" href="ample/smil30/animateColor.xml#attribute-dur"/>
<entry title="end (animateColor)" href="ample/smil30/animateColor.xml#attribute-end"/>
<entry title="repeatCount (animateColor)" href="ample/smil30/animateColor.xml#attribute-repeatCount"/>
<entry title="repeatDur (animateColor)" href="ample/smil30/animateColor.xml#attribute-repeatDur"/>
<entry title="autoReverse (animateColor)" href="ample/smil30/animateColor.xml#attribute-autoReverse"/>
<entry title="accelerate (animateColor)" href="ample/smil30/animateColor.xml#attribute-accelerate"/>
<entry title="decelerate (animateColor)" href="ample/smil30/animateColor.xml#attribute-decelerate"/>
<entry title="speed (animateColor)" href="ample/smil30/animateColor.xml#attribute-speed"/>
<entry title="set" href="ample/smil30/set.xml"/>
<entry title="attributeName (set)" href="ample/smil30/set.xml#attribute-attributeName"/>
<entry title="attributeType (set)" href="ample/smil30/set.xml#attribute-attributeType"/>
<entry title="targetElement (set)" href="ample/smil30/set.xml#attribute-targetElement"/>
<entry title="to (set)" href="ample/smil30/set.xml#attribute-to"/>
<entry title="fill (set)" href="ample/smil30/set.xml#attribute-fill"/>
<entry title="begin (set)" href="ample/smil30/set.xml#attribute-begin"/>
<entry title="dur (set)" href="ample/smil30/set.xml#attribute-dur"/>
<entry title="end (set)" href="ample/smil30/set.xml#attribute-end"/>
<entry title="repeatCount (set)" href="ample/smil30/set.xml#attribute-repeatCount"/>
<entry title="repeatDur (set)" href="ample/smil30/set.xml#attribute-repeatDur"/>
<entry title="par" href="ample/smil30/par.xml"/>
<entry title="begin (par)" href="ample/smil30/par.xml#attribute-begin"/>
<entry title="dur (par)" href="ample/smil30/par.xml#attribute-dur"/>
<entry title="end (par)" href="ample/smil30/par.xml#attribute-end"/>
<entry title="repeatCount (par)" href="ample/smil30/par.xml#attribute-repeatCount"/>
<entry title="repeatDur (par)" href="ample/smil30/par.xml#attribute-repeatDur"/>
<entry title="autoReverse (par)" href="ample/smil30/par.xml#attribute-autoReverse"/>
<entry title="accelerate (par)" href="ample/smil30/par.xml#attribute-accelerate"/>
<entry title="decelerate (par)" href="ample/smil30/par.xml#attribute-decelerate"/>
<entry title="speed (par)" href="ample/smil30/par.xml#attribute-speed"/>
<entry title="seq" href="ample/smil30/seq.xml"/>
<entry title="begin (seq)" href="ample/smil30/seq.xml#attribute-begin"/>
<entry title="dur (seq)" href="ample/smil30/seq.xml#attribute-dur"/>
<entry title="end (seq)" href="ample/smil30/seq.xml#attribute-end"/>
<entry title="repeatCount (seq)" href="ample/smil30/seq.xml#attribute-repeatCount"/>
<entry title="repeatDur (seq)" href="ample/smil30/seq.xml#attribute-repeatDur"/>
<entry title="autoReverse (seq)" href="ample/smil30/seq.xml#attribute-autoReverse"/>
<entry title="accelerate (seq)" href="ample/smil30/seq.xml#attribute-accelerate"/>
<entry title="decelerate (seq)" href="ample/smil30/seq.xml#attribute-decelerate"/>
<entry title="speed (seq)" href="ample/smil30/seq.xml#attribute-speed"/>
<entry title="par" href="ample/smil30/excl.xml"/>
<entry title="begin (par)" href="ample/smil30/excl.xml#attribute-begin"/>
<entry title="dur (par)" href="ample/smil30/excl.xml#attribute-dur"/>
<entry title="end (par)" href="ample/smil30/excl.xml#attribute-end"/>
<entry title="repeatCount (par)" href="ample/smil30/excl.xml#attribute-repeatCount"/>
<entry title="repeatDur (par)" href="ample/smil30/excl.xml#attribute-repeatDur"/>
<entry title="autoReverse (par)" href="ample/smil30/excl.xml#attribute-autoReverse"/>
<entry title="accelerate (par)" href="ample/smil30/excl.xml#attribute-accelerate"/>
<entry title="decelerate (par)" href="ample/smil30/excl.xml#attribute-decelerate"/>
<entry title="speed (par)" href="ample/smil30/excl.xml#attribute-speed"/>
<entry title="XML Schema 1.1 Part 2: Datatypes" href="ample/schema11/schema11-datatypes.xml"/>
<entry title="- Namespace URI" href="ample/schema11/schema11-datatypes.xml"/>
<entry title="- Ample SDK implementation details" href="ample/schema11/schema11-datatypes.xml"/>
<entry title="schema" href="ample/schema11/schema.xml"/>
<entry title="targetNamespace (schema)" href="ample/schema11/schema.xml#attribute-targetNamespace"/>
<entry title="simpleType" href="ample/schema11/simpleType.xml"/>
<entry title="name (simpleType)" href="ample/schema11/simpleType.xml#attribute-name"/>
<entry title="final (simpleType)" href="ample/schema11/simpleType.xml#attribute-final"/>
<entry title="union" href="ample/schema11/union.xml"/>
<entry title="memberItems (union)" href="ample/schema11/union.xml#attribute-memberItems"/>
<entry title="list" href="ample/schema11/list.xml"/>
<entry title="listItem (list)" href="ample/schema11/list.xml#attribute-listItem"/>
<entry title="restriction" href="ample/schema11/restriction.xml"/>
<entry title="base (restriction)" href="ample/schema11/restriction.xml#attribute-base"/>
<entry title="length" href="ample/schema11/length.xml"/>
<entry title="value (length)" href="ample/schema11/length.xml#attribute-value"/>
<entry title="fixed (length)" href="ample/schema11/length.xml#attribute-fixed"/>
<entry title="minLength" href="ample/schema11/minLength.xml"/>
<entry title="value (minLength)" href="ample/schema11/minLength.xml#attribute-value"/>
<entry title="fixed (minLength)" href="ample/schema11/minLength.xml#attribute-fixed"/>
<entry title="maxLength" href="ample/schema11/maxLength.xml"/>
<entry title="value (maxLength)" href="ample/schema11/maxLength.xml#attribute-value"/>
<entry title="fixed (maxLength)" href="ample/schema11/maxLength.xml#attribute-fixed"/>
<entry title="pattern" href="ample/schema11/pattern.xml"/>
<entry title="value (pattern)" href="ample/schema11/pattern.xml#attribute-value"/>
<entry title="whiteSpace" href="ample/schema11/whiteSpace.xml"/>
<entry title="value (whiteSpace)" href="ample/schema11/whiteSpace.xml#attribute-value"/>
<entry title="fixed (whiteSpace)" href="ample/schema11/whiteSpace.xml#attribute-fixed"/>
<entry title="maxInclusive" href="ample/schema11/maxInclusive.xml"/>
<entry title="value (maxInclusive)" href="ample/schema11/maxInclusive.xml#attribute-value"/>
<entry title="fixed (maxInclusive)" href="ample/schema11/maxInclusive.xml#attribute-fixed"/>
<entry title="maxInclusive" href="ample/schema11/minInclusive.xml"/>
<entry title="value (maxInclusive)" href="ample/schema11/minInclusive.xml#attribute-value"/>
<entry title="fixed (maxInclusive)" href="ample/schema11/minInclusive.xml#attribute-fixed"/>
<entry title="maxExclusive" href="ample/schema11/maxExclusive.xml"/>
<entry title="value (maxExclusive)" href="ample/schema11/maxExclusive.xml#attribute-value"/>
<entry title="fixed (maxExclusive)" href="ample/schema11/maxExclusive.xml#attribute-fixed"/>
<entry title="minExclusive" href="ample/schema11/minExclusive.xml"/>
<entry title="value (minExclusive)" href="ample/schema11/minExclusive.xml#attribute-value"/>
<entry title="fixed (minExclusive)" href="ample/schema11/minExclusive.xml#attribute-fixed"/>
<entry title="totalDigits" href="ample/schema11/totalDigits.xml"/>
<entry title="value (totalDigits)" href="ample/schema11/totalDigits.xml#attribute-value"/>
<entry title="fixed (totalDigits)" href="ample/schema11/totalDigits.xml#attribute-fixed"/>
<entry title="fractionDigits" href="ample/schema11/fractionDigits.xml"/>
<entry title="value (fractionDigits)" href="ample/schema11/fractionDigits.xml#attribute-value"/>
<entry title="fixed (fractionDigits)" href="ample/schema11/fractionDigits.xml#attribute-fixed"/>
<entry title="minScale" href="ample/schema11/minScale.xml"/>
<entry title="value (minScale)" href="ample/schema11/minScale.xml#attribute-value"/>
<entry title="fixed (minScale)" href="ample/schema11/minScale.xml#attribute-fixed"/>
<entry title="maxScale" href="ample/schema11/maxScale.xml"/>
<entry title="value (maxScale)" href="ample/schema11/maxScale.xml#attribute-value"/>
<entry title="fixed (maxScale)" href="ample/schema11/maxScale.xml#attribute-fixed"/>
<entry title="enumeration" href="ample/schema11/enumeration.xml"/>
<entry title="value (enumeration)" href="ample/schema11/enumeration.xml#attribute-value"/>
<entry title="assertion" href="ample/schema11/assertion.xml"/>
<entry title="value (assertion)" href="ample/schema11/assertion.xml#attribute-value"/>
<entry title="Remote Events for XML (REX) 1.0" href="ample/rex10/rex10.xml"/>
<entry title="- Namespace URI" href="ample/rex10/rex10.xml"/>
<entry title="- Ample SDK implementation details" href="ample/rex10/rex10.xml"/>
<entry title="XML Binding Language (XBL) 2.0" href="ample/xbl20/xbl20.xml"/>
<entry title="- Namespace URI" href="ample/xbl20/xbl20.xml"/>
<entry title="- Ample SDK implementation details" href="ample/xbl20/xbl20.xml"/>
<entry title="XHTML™ 1.0 The Extensible HyperText Markup Language" href="ample/xhtml1/xhtml.xml"/>
<entry title="- Namespace URI" href="ample/xhtml1/xhtml.xml"/>
<entry title="- Ample SDK implementation details" href="ample/xhtml1/xhtml.xml"/>
<entry title="Scalable Vector Graphics (SVG) 1.2 Tiny" href="ample/svg12/svg12.xml"/>
<entry title="- Namespace URI" href="ample/svg12/svg12.xml"/>
<entry title="- Ample SDK implementation details" href="ample/svg12/svg12.xml"/>
<entry title="SVG12Element" href="ample/svg12/SVG12Element.xml"/>
<entry title="SVG12ShapeElement" href="ample/svg12/SVG12ShapeElement.xml"/>
<entry title="fill (SVG12ShapeElement)" href="ample/svg12/SVG12ShapeElement.xml#attribute-fill"/>
<entry title="fill-opacity (SVG12ShapeElement)" href="ample/svg12/SVG12ShapeElement.xml#attribute-fill-opacity"/>
<entry title="stroke (SVG12ShapeElement)" href="ample/svg12/SVG12ShapeElement.xml#attribute-stroke"/>
<entry title="stroke-linejoin (SVG12ShapeElement)" href="ample/svg12/SVG12ShapeElement.xml#attribute-stroke-linejoin"/>
<entry title="stroke-linecap (SVG12ShapeElement)" href="ample/svg12/SVG12ShapeElement.xml#attribute-stroke-linecap"/>
<entry title="stroke-dasharray (SVG12ShapeElement)" href="ample/svg12/SVG12ShapeElement.xml#attribute-stroke-dasharray"/>
<entry title="stroke-width (SVG12ShapeElement)" href="ample/svg12/SVG12ShapeElement.xml#attribute-stroke-width"/>
<entry title="stroke-opacity (SVG12ShapeElement)" href="ample/svg12/SVG12ShapeElement.xml#attribute-stroke-opacity"/>
<entry title="transform (SVG12ShapeElement)" href="ample/svg12/SVG12ShapeElement.xml#attribute-transform"/>
<entry title="circle" href="ample/svg12/circle.xml"/>
<entry title="cx (circle)" href="ample/svg12/circle.xml#attribute-cx"/>
<entry title="cy (circle)" href="ample/svg12/circle.xml#attribute-cy"/>
<entry title="r (circle)" href="ample/svg12/circle.xml#attribute-r"/>
<entry title="defs" href="ample/svg12/defs.xml"/>
<entry title="ellipse" href="ample/svg12/ellipse.xml"/>
<entry title="cx (ellipse)" href="ample/svg12/ellipse.xml#attribute-cx"/>
<entry title="cy (ellipse)" href="ample/svg12/ellipse.xml#attribute-cy"/>
<entry title="rx (ellipse)" href="ample/svg12/ellipse.xml#attribute-rx"/>
<entry title="ry (ellipse)" href="ample/svg12/ellipse.xml#attribute-ry"/>
<entry title="foreignObject" href="ample/svg12/foreignObject.xml"/>
<entry title="x (foreignObject)" href="ample/svg12/foreignObject.xml#attribute-x"/>
<entry title="y (foreignObject)" href="ample/svg12/foreignObject.xml#attribute-y"/>
<entry title="width (foreignObject)" href="ample/svg12/foreignObject.xml#attribute-width"/>
<entry title="height (foreignObject)" href="ample/svg12/foreignObject.xml#attribute-height"/>
<entry title="transform (foreignObject)" href="ample/svg12/foreignObject.xml#attribute-transform"/>
<entry title="g" href="ample/svg12/g.xml"/>
<entry title="image" href="ample/svg12/image.xml"/>
<entry title="x (image)" href="ample/svg12/image.xml#attribute-x"/>
<entry title="y (image)" href="ample/svg12/image.xml#attribute-y"/>
<entry title="width (image)" href="ample/svg12/image.xml#attribute-width"/>
<entry title="height (image)" href="ample/svg12/image.xml#attribute-height"/>
<entry title="xlink:href (image)" href="ample/svg12/image.xml#attribute-xlink:href"/>
<entry title="line" href="ample/svg12/line.xml"/>
<entry title="x1 (line)" href="ample/svg12/line.xml#attribute-x1"/>
<entry title="y1 (line)" href="ample/svg12/line.xml#attribute-y1"/>
<entry title="x2 (line)" href="ample/svg12/line.xml#attribute-x2"/>
<entry title="y2 (line)" href="ample/svg12/line.xml#attribute-y2"/>
<entry title="linearGradient" href="ample/svg12/linearGradient.xml"/>
<entry title="x1 (linearGradient)" href="ample/svg12/linearGradient.xml#attribute-x1"/>
<entry title="y1 (linearGradient)" href="ample/svg12/linearGradient.xml#attribute-y1"/>
<entry title="x2 (linearGradient)" href="ample/svg12/linearGradient.xml#attribute-x2"/>
<entry title="y2 (linearGradient)" href="ample/svg12/linearGradient.xml#attribute-y2"/>
<entry title="xlink:href (linearGradient)" href="ample/svg12/linearGradient.xml#attribute-xlink:href"/>
<entry title="path" href="ample/svg12/path.xml"/>
<entry title="d (path)" href="ample/svg12/path.xml#attribute-d"/>
<entry title="polygon" href="ample/svg12/polygon.xml"/>
<entry title="points (polygon)" href="ample/svg12/polygon.xml#attribute-points"/>
<entry title="polyline" href="ample/svg12/polyline.xml"/>
<entry title="points (polyline)" href="ample/svg12/polyline.xml#attribute-points"/>
<entry title="radialGradient" href="ample/svg12/radialGradient.xml"/>
<entry title="cx (radialGradient)" href="ample/svg12/radialGradient.xml#attribute-cx"/>
<entry title="cy (radialGradient)" href="ample/svg12/radialGradient.xml#attribute-cy"/>
<entry title="r (radialGradient)" href="ample/svg12/radialGradient.xml#attribute-r"/>
<entry title="xlink:href (radialGradient)" href="ample/svg12/radialGradient.xml#attribute-xlink:href"/>
<entry title="rect" href="ample/svg12/rect.xml"/>
<entry title="x (rect)" href="ample/svg12/rect.xml#attribute-x"/>
<entry title="y (rect)" href="ample/svg12/rect.xml#attribute-y"/>
<entry title="width (rect)" href="ample/svg12/rect.xml#attribute-width"/>
<entry title="height (rect)" href="ample/svg12/rect.xml#attribute-height"/>
<entry title="rx (rect)" href="ample/svg12/rect.xml#attribute-rx"/>
<entry title="ry (rect)" href="ample/svg12/rect.xml#attribute-ry"/>
<entry title="stop" href="ample/svg12/stop.xml"/>
<entry title="stop-color (stop)" href="ample/svg12/stop.xml#attribute-stop-color"/>
<entry title="stop-opacity (stop)" href="ample/svg12/stop.xml#attribute-stop-opacity"/>
<entry title="offset (stop)" href="ample/svg12/stop.xml#attribute-offset"/>
<entry title="style" href="ample/svg12/style.xml"/>
<entry title="type (style)" href="ample/svg12/style.xml#attribute-type"/>
<entry title="media (style)" href="ample/svg12/style.xml#attribute-media"/>
<entry title="svg" href="ample/svg12/svg.xml"/>
<entry title="viewBox (svg)" href="ample/svg12/svg.xml#attribute-viewBox"/>
<entry title="width (svg)" href="ample/svg12/svg.xml#attribute-width"/>
<entry title="height (svg)" href="ample/svg12/svg.xml#attribute-height"/>
<entry title="text" href="ample/svg12/text.xml"/>
<entry title="x (text)" href="ample/svg12/text.xml#attribute-x"/>
<entry title="y (text)" href="ample/svg12/text.xml#attribute-y"/>
<entry title="text" href="ample/svg12/textPath.xml"/>
<entry title="xlink:href (text)" href="ample/svg12/textPath.xml#attribute-xlink:href"/>
<entry title="tspan" href="ample/svg12/tspan.xml"/>
<entry title="x (tspan)" href="ample/svg12/tspan.xml#attribute-x"/>
<entry title="y (tspan)" href="ample/svg12/tspan.xml#attribute-y"/>
<entry title="use" href="ample/svg12/use.xml"/>
<entry title="XForms 1.1" href="ample/xforms11/xforms11.xml"/>
<entry title="- Namespace URI" href="ample/xforms11/xforms11.xml"/>
<entry title="- Ample SDK implementation details" href="ample/xforms11/xforms11.xml"/>
<entry title="XML User Interface Language (XUL)" href="ample/xul/xul.xml"/>
<entry title="- Namespace URI" href="ample/xul/xul.xml"/>
<entry title="- Ample SDK implementation details" href="ample/xul/xul.xml"/>
<entry title="XULElement" href="ample/xul/XULElement.xml"/>
<entry title="align (XULElement)" href="ample/xul/XULElement.xml#attribute-align"/>
<entry title="pack (XULElement)" href="ample/xul/XULElement.xml#attribute-pack"/>
<entry title="flex (XULElement)" href="ample/xul/XULElement.xml#attribute-flex"/>
<entry title="debug (XULElement)" href="ample/xul/XULElement.xml#attribute-debug"/>
<entry title="orient (XULElement)" href="ample/xul/XULElement.xml#attribute-orient"/>
<entry title="height (XULElement)" href="ample/xul/XULElement.xml#attribute-height"/>
<entry title="width (XULElement)" href="ample/xul/XULElement.xml#attribute-width"/>
<entry title="style (XULElement)" href="ample/xul/XULElement.xml#attribute-style"/>
<entry title="context (XULElement)" href="ample/xul/XULElement.xml#attribute-context"/>
<entry title="popup (XULElement)" href="ample/xul/XULElement.xml#attribute-popup"/>
<entry title="tooltip (XULElement)" href="ample/xul/XULElement.xml#attribute-tooltip"/>
<entry title="tooltiptext (XULElement)" href="ample/xul/XULElement.xml#attribute-tooltiptext"/>
<entry title="class (XULElement)" href="ample/xul/XULElement.xml#attribute-class"/>
<entry title="hidden (XULElement)" href="ample/xul/XULElement.xml#attribute-hidden"/>
<entry title="command (XULElement)" href="ample/xul/XULElement.xml#attribute-command"/>
<entry title="observes (XULElement)" href="ample/xul/XULElement.xml#attribute-observes"/>
<entry title="XULDocument" href="ample/xul/XULDocument.xml"/>
<entry title="loadOverlay (XULDocument)" href="ample/xul/XULDocument.xml#method-loadOverlay"/>
<entry title="addBroadcastListenerFor (XULDocument)" href="ample/xul/XULDocument.xml#method-addBroadcastListenerFor"/>
<entry title="removeBroadcastListenerFor (XULDocument)" href="ample/xul/XULDocument.xml#method-removeBroadcastListenerFor"/>
<entry title="popupNode (XULDocument)" href="ample/xul/XULDocument.xml#property-popupNode"/>
<entry title="tooltipNode (XULDocument)" href="ample/xul/XULDocument.xml#property-tooltipNode"/>
<entry title="commandDispatcher (XULDocument)" href="ample/xul/XULDocument.xml#property-commandDispatcher"/>
<entry title="XULPopupElement" href="ample/xul/XULPopupElement.xml"/>
<entry title="showPopup (XULPopupElement)" href="ample/xul/XULPopupElement.xml#method-showPopup"/>
<entry title="hidePopup (XULPopupElement)" href="ample/xul/XULPopupElement.xml#method-hidePopup"/>
<entry title="position (XULPopupElement)" href="ample/xul/XULPopupElement.xml#attribute-position"/>
<entry title="popuphidden (XULPopupElement)" href="ample/xul/XULPopupElement.xml#event-popuphidden"/>
<entry title="popuphiding (XULPopupElement)" href="ample/xul/XULPopupElement.xml#event-popuphiding"/>
<entry title="popupshowing (XULPopupElement)" href="ample/xul/XULPopupElement.xml#event-popupshowing"/>
<entry title="popupshown (XULPopupElement)" href="ample/xul/XULPopupElement.xml#event-popupshown"/>
<entry title="XULSelectElement" href="ample/xul/XULSelectElement.xml"/>
<entry title="selectAll (XULSelectElement)" href="ample/xul/XULSelectElement.xml#method-selectAll"/>
<entry title="clearSelection (XULSelectElement)" href="ample/xul/XULSelectElement.xml#method-clearSelection"/>
<entry title="selectItem (XULSelectElement)" href="ample/xul/XULSelectElement.xml#method-selectItem"/>
<entry title="toggleItemSelection (XULSelectElement)" href="ample/xul/XULSelectElement.xml#method-toggleItemSelection"/>
<entry title="addItemToSelection (XULSelectElement)" href="ample/xul/XULSelectElement.xml#method-addItemToSelection"/>
<entry title="removeItemFromSelection (XULSelectElement)" href="ample/xul/XULSelectElement.xml#method-removeItemFromSelection"/>
<entry title="selectItemRange (XULSelectElement)" href="ample/xul/XULSelectElement.xml#method-selectItemRange"/>
<entry title="scrollToIndex (XULSelectElement)" href="ample/xul/XULSelectElement.xml#method-scrollToIndex"/>
<entry title="currentItem (XULSelectElement)" href="ample/xul/XULSelectElement.xml#property-currentItem"/>
<entry title="selectedItems (XULSelectElement)" href="ample/xul/XULSelectElement.xml#property-selectedItems"/>
<entry title="seltype (XULSelectElement)" href="ample/xul/XULSelectElement.xml#attribute-seltype"/>
<entry title="select (XULSelectElement)" href="ample/xul/XULSelectElement.xml#event-select"/>
<entry title="selected (XULSelectElement)" href="ample/xul/XULSelectElement.xml#pseudoclass-selected"/>
<entry title="broadcaster" href="ample/xul/broadcaster.xml"/>
<entry title="broadcasterset" href="ample/xul/broadcasterset.xml"/>
<entry title="command" href="ample/xul/command.xml"/>
<entry title="command (command)" href="ample/xul/command.xml#event-command"/>
<entry title="commandset" href="ample/xul/commandset.xml"/>
<entry title="key" href="ample/xul/key.xml"/>
<entry title="key (key)" href="ample/xul/key.xml#attribute-key"/>
<entry title="keycode (key)" href="ample/xul/key.xml#attribute-keycode"/>
<entry title="keytext (key)" href="ample/xul/key.xml#attribute-keytext"/>
<entry title="modifiers (key)" href="ample/xul/key.xml#attribute-modifiers"/>
<entry title="command (key)" href="ample/xul/key.xml#event-command"/>
<entry title="keyset" href="ample/xul/keyset.xml"/>
<entry title="button" href="ample/xul/button.xml"/>
<entry title="label (button)" href="ample/xul/button.xml#attribute-label"/>
<entry title="image (button)" href="ample/xul/button.xml#attribute-image"/>
<entry title="command (button)" href="ample/xul/button.xml#event-command"/>
<entry title="checkbox" href="ample/xul/checkbox.xml"/>
<entry title="checked (checkbox)" href="ample/xul/checkbox.xml#attribute-checked"/>
<entry title="label (checkbox)" href="ample/xul/checkbox.xml#attribute-label"/>
<entry title="colorpicker" href="ample/xul/colorpicker.xml"/>
<entry title="value (colorpicker)" href="ample/xul/colorpicker.xml#attribute-value"/>
<entry title="datepicker" href="ample/xul/datepicker.xml"/>
<entry title="name (datepicker)" href="ample/xul/datepicker.xml#attribute-name"/>
<entry title="value (datepicker)" href="ample/xul/datepicker.xml#attribute-value"/>
<entry title="min (datepicker)" href="ample/xul/datepicker.xml#attribute-min"/>
<entry title="max (datepicker)" href="ample/xul/datepicker.xml#attribute-max"/>
<entry title="change (datepicker)" href="ample/xul/datepicker.xml#event-change"/>
<entry title="editor" href="ample/xul/editor.xml"/>
<entry title="menulist" href="ample/xul/menulist.xml"/>
<entry title="progressmeter" href="ample/xul/progressmeter.xml"/>
<entry title="value (progressmeter)" href="ample/xul/progressmeter.xml#attribute-value"/>
<entry title="mode (progressmeter)" href="ample/xul/progressmeter.xml#attribute-mode"/>
<entry title="radio" href="ample/xul/radio.xml"/>
<entry title="selected (radio)" href="ample/xul/radio.xml#attribute-selected"/>
<entry title="value (radio)" href="ample/xul/radio.xml#attribute-value"/>
<entry title="label (radio)" href="ample/xul/radio.xml#attribute-label"/>
<entry title="group (radio)" href="ample/xul/radio.xml#property-group"/>
<entry title="radiogroup" href="ample/xul/radiogroup.xml"/>
<entry title="items (radiogroup)" href="ample/xul/radiogroup.xml#property-items"/>
<entry title="scale" href="ample/xul/scale.xml"/>
<entry title="name (scale)" href="ample/xul/scale.xml#attribute-name"/>
<entry title="value (scale)" href="ample/xul/scale.xml#attribute-value"/>
<entry title="step (scale)" href="ample/xul/scale.xml#attribute-step"/>
<entry title="min (scale)" href="ample/xul/scale.xml#attribute-min"/>
<entry title="max (scale)" href="ample/xul/scale.xml#attribute-max"/>
<entry title="change (scale)" href="ample/xul/scale.xml#event-change"/>
<entry title="spacer" href="ample/xul/spinbuttons.xml"/>
<entry title="value (spacer)" href="ample/xul/spinbuttons.xml#attribute-value"/>
<entry title="textbox" href="ample/xul/textbox.xml"/>
<entry title="type (textbox)" href="ample/xul/textbox.xml#attribute-type"/>
<entry title="multiline (textbox)" href="ample/xul/textbox.xml#attribute-multiline"/>
<entry title="value (textbox)" href="ample/xul/textbox.xml#attribute-value"/>
<entry title="readOnly (textbox)" href="ample/xul/textbox.xml#attribute-readOnly"/>
<entry title="maxlength (textbox)" href="ample/xul/textbox.xml#attribute-maxlength"/>
<entry title="rows (textbox)" href="ample/xul/textbox.xml#attribute-rows"/>
<entry title="cols (textbox)" href="ample/xul/textbox.xml#attribute-cols"/>
<entry title="timepicker" href="ample/xul/timepicker.xml"/>
<entry title="name (timepicker)" href="ample/xul/timepicker.xml#attribute-name"/>
<entry title="value (timepicker)" href="ample/xul/timepicker.xml#attribute-value"/>
<entry title="min (timepicker)" href="ample/xul/timepicker.xml#attribute-min"/>
<entry title="max (timepicker)" href="ample/xul/timepicker.xml#attribute-max"/>
<entry title="change (timepicker)" href="ample/xul/timepicker.xml#event-change"/>
<entry title="listbody" href="ample/xul/listbody.xml"/>
<entry title="Listbox" href="ample/xul/listbox.xml"/>
<entry title="type (Listbox)" href="ample/xul/listbox.xml#attribute-type"/>
<entry title="head (Listbox)" href="ample/xul/listbox.xml#property-head"/>
<entry title="body (Listbox)" href="ample/xul/listbox.xml#property-body"/>
<entry title="items (Listbox)" href="ample/xul/listbox.xml#property-items"/>
<entry title="listcell" href="ample/xul/listcell.xml"/>
<entry title="label (listcell)" href="ample/xul/listcell.xml#attribute-label"/>
<entry title="image (listcell)" href="ample/xul/listcell.xml#attribute-image"/>
<entry title="listcol" href="ample/xul/listcol.xml"/>
<entry title="listcols" href="ample/xul/listcols.xml"/>
<entry title="listhead" href="ample/xul/listhead.xml"/>
<entry title="items (listhead)" href="ample/xul/listhead.xml#property-items"/>
<entry title="listheader" href="ample/xul/listheader.xml"/>
<entry title="label (listheader)" href="ample/xul/listheader.xml#attribute-label"/>
<entry title="minwidth (listheader)" href="ample/xul/listheader.xml#attribute-minwidth"/>
<entry title="listitem" href="ample/xul/listitem.xml"/>
<entry title="selected (listitem)" href="ample/xul/listitem.xml#attribute-selected"/>
<entry title="value (listitem)" href="ample/xul/listitem.xml#attribute-value"/>
<entry title="menu" href="ample/xul/menu.xml"/>
<entry title="label (menu)" href="ample/xul/menu.xml#attribute-label"/>
<entry title="image (menu)" href="ample/xul/menu.xml#attribute-image"/>
<entry title="value (menu)" href="ample/xul/menu.xml#attribute-value"/>
<entry title="popup (menu)" href="ample/xul/menu.xml#property-popup"/>
<entry title="menubar" href="ample/xul/menubar.xml"/>
<entry title="selectedItem (menubar)" href="ample/xul/menubar.xml#property-selectedItem"/>
<entry title="items (menubar)" href="ample/xul/menubar.xml#property-items"/>
<entry title="menuitem" href="ample/xul/menuitem.xml"/>
<entry title="label (menuitem)" href="ample/xul/menuitem.xml#attribute-label"/>
<entry title="image (menuitem)" href="ample/xul/menuitem.xml#attribute-image"/>
<entry title="type (menuitem)" href="ample/xul/menuitem.xml#attribute-type"/>
<entry title="checked (menuitem)" href="ample/xul/menuitem.xml#attribute-checked"/>
<entry title="value (menuitem)" href="ample/xul/menuitem.xml#attribute-value"/>
<entry title="menupopup" href="ample/xul/menupopup.xml"/>
<entry title="selectedItem (menupopup)" href="ample/xul/menupopup.xml#property-selectedItem"/>
<entry title="items (menupopup)" href="ample/xul/menupopup.xml#property-items"/>
<entry title="menuseparator" href="ample/xul/menuseparator.xml"/>
<entry title="tabbox" href="ample/xul/tabbox.xml"/>
<entry title="tabs (tabbox)" href="ample/xul/tabbox.xml#property-tabs"/>
<entry title="tabpanels (tabbox)" href="ample/xul/tabbox.xml#property-tabpanels"/>
<entry title="selectedIndex (tabbox)" href="ample/xul/tabbox.xml#property-selectedIndex"/>
<entry title="selectedPanel (tabbox)" href="ample/xul/tabbox.xml#property-selectedPanel"/>
<entry title="selectedTab (tabbox)" href="ample/xul/tabbox.xml#property-selectedTab"/>
<entry title="tab" href="ample/xul/tab.xml"/>
<entry title="selected (tab)" href="ample/xul/tab.xml#attribute-selected"/>
<entry title="label (tab)" href="ample/xul/tab.xml#attribute-label"/>
<entry title="image (tab)" href="ample/xul/tab.xml#attribute-image"/>
<entry title="command (tab)" href="ample/xul/tab.xml#event-command"/>
<entry title="tabs" href="ample/xul/tabs.xml"/>
<entry title="advanceSelectedTab (tabs)" href="ample/xul/tabs.xml#method-advanceSelectedTab"/>
<entry title="appendItem (tabs)" href="ample/xul/tabs.xml#method-appendItem"/>
<entry title="insertItemAt (tabs)" href="ample/xul/tabs.xml#method-insertItemAt"/>
<entry title="removeItemAt (tabs)" href="ample/xul/tabs.xml#method-removeItemAt"/>
<entry title="selectedIndex (tabs)" href="ample/xul/tabs.xml#property-selectedIndex"/>
<entry title="selectedItem (tabs)" href="ample/xul/tabs.xml#property-selectedItem"/>
<entry title="items (tabs)" href="ample/xul/tabs.xml#property-items"/>
<entry title="select (tabs)" href="ample/xul/tabs.xml#event-select"/>
<entry title="tabpanel" href="ample/xul/tabpanel.xml"/>
<entry title="tabpanels" href="ample/xul/tabpanels.xml"/>
<entry title="selectedIndex (tabpanels)" href="ample/xul/tabpanels.xml#property-selectedIndex"/>
<entry title="selectedPanel (tabpanels)" href="ample/xul/tabpanels.xml#property-selectedPanel"/>
<entry title="items (tabpanels)" href="ample/xul/tabpanels.xml#property-items"/>
<entry title="toolbar" href="ample/xul/toolbar.xml"/>
<entry title="toolbarbutton" href="ample/xul/toolbarbutton.xml"/>
<entry title="type (toolbarbutton)" href="ample/xul/toolbarbutton.xml#attribute-type"/>
<entry title="image (toolbarbutton)" href="ample/xul/toolbarbutton.xml#attribute-image"/>
<entry title="label (toolbarbutton)" href="ample/xul/toolbarbutton.xml#attribute-label"/>
<entry title="toolbargrippy" href="ample/xul/toolbargrippy.xml"/>
<entry title="toolbarseparator" href="ample/xul/toolbarseparator.xml"/>
<entry title="toolbox" href="ample/xul/toolbox.xml"/>
<entry title="Tree" href="ample/xul/tree.xml"/>
<entry title="type (Tree)" href="ample/xul/tree.xml#attribute-type"/>
<entry title="refresh (Tree)" href="ample/xul/tree.xml#method-refresh"/>
<entry title="head (Tree)" href="ample/xul/tree.xml#property-head"/>
<entry title="body (Tree)" href="ample/xul/tree.xml#property-body"/>
<entry title="items (Tree)" href="ample/xul/tree.xml#property-items"/>
<entry title="treebody" href="ample/xul/treebody.xml"/>
<entry title="treecell" href="ample/xul/treecell.xml"/>
<entry title="label (treecell)" href="ample/xul/treecell.xml#attribute-label"/>
<entry title="src (treecell)" href="ample/xul/treecell.xml#attribute-src"/>
<entry title="treechildren" href="ample/xul/treechildren.xml"/>
<entry title="tree (treechildren)" href="ample/xul/treechildren.xml#property-tree"/>
<entry title="items (treechildren)" href="ample/xul/treechildren.xml#property-items"/>
<entry title="treecol" href="ample/xul/treecol.xml"/>
<entry title="label (treecol)" href="ample/xul/treecol.xml#attribute-label"/>
<entry title="primary (treecol)" href="ample/xul/treecol.xml#attribute-primary"/>
<entry title="minwidth (treecol)" href="ample/xul/treecol.xml#attribute-minwidth"/>
<entry title="hideheader (treecol)" href="ample/xul/treecol.xml#attribute-hideheader"/>
<entry title="treecols" href="ample/xul/treecols.xml"/>
<entry title="items (treecols)" href="ample/xul/treecols.xml#property-items"/>
<entry title="treeitem" href="ample/xul/treeitem.xml"/>
<entry title="open (treeitem)" href="ample/xul/treeitem.xml#attribute-open"/>
<entry title="row (treeitem)" href="ample/xul/treeitem.xml#property-row"/>
<entry title="children (treeitem)" href="ample/xul/treeitem.xml#property-children"/>
<entry title="treerow" href="ample/xul/treerow.xml"/>
<entry title="cells (treerow)" href="ample/xul/treerow.xml#property-cells"/>
<entry title="popup" href="ample/xul/popup.xml"/>
<entry title="popupset" href="ample/xul/popupset.xml"/>
<entry title="statusbar" href="ample/xul/statusbar.xml"/>
<entry title="statusbarpanel" href="ample/xul/statusbarpanel.xml"/>
<entry title="label (statusbarpanel)" href="ample/xul/statusbarpanel.xml#attribute-label"/>
<entry title="src (statusbarpanel)" href="ample/xul/statusbarpanel.xml#attribute-src"/>
<entry title="tooltip" href="ample/xul/tooltip.xml"/>
<entry title="column" href="ample/xul/column.xml"/>
<entry title="columns" href="ample/xul/columns.xml"/>
<entry title="grid" href="ample/xul/grid.xml"/>
<entry title="row" href="ample/xul/row.xml"/>
<entry title="rows" href="ample/xul/rows.xml"/>
<entry title="scrollbox" href="ample/xul/arrowscrollbox.xml"/>
<entry title="box" href="ample/xul/box.xml"/>
<entry title="caption" href="ample/xul/caption.xml"/>
<entry title="label (caption)" href="ample/xul/caption.xml#attribute-label"/>
<entry title="image (caption)" href="ample/xul/caption.xml#attribute-image"/>
<entry title="deck" href="ample/xul/deck.xml"/>
<entry title="selectedIndex (deck)" href="ample/xul/deck.xml#attribute-selectedIndex"/>
<entry title="selectedIndex (deck)" href="ample/xul/deck.xml#property-selectedIndex"/>
<entry title="selectedPanel (deck)" href="ample/xul/deck.xml#property-selectedPanel"/>
<entry title="select (deck)" href="ample/xul/deck.xml#event-select"/>
<entry title="description" href="ample/xul/description.xml"/>
<entry title="groupbox" href="ample/xul/groupbox.xml"/>
<entry title="hbox" href="ample/xul/hbox.xml"/>
<entry title="iframe" href="ample/xul/iframe.xml"/>
<entry title="src (iframe)" href="ample/xul/iframe.xml#attribute-src"/>
<entry title="contentDocument (iframe)" href="ample/xul/iframe.xml#property-contentDocument"/>
<entry title="contentWindow (iframe)" href="ample/xul/iframe.xml#property-contentWindow"/>
<entry title="image" href="ample/xul/image.xml"/>
<entry title="src (image)" href="ample/xul/image.xml#attribute-src"/>
<entry title="load (image)" href="ample/xul/image.xml#event-load"/>
<entry title="error (image)" href="ample/xul/image.xml#event-error"/>
<entry title="label" href="ample/xul/label.xml"/>
<entry title="value (label)" href="ample/xul/label.xml#attribute-value"/>
<entry title="control (label)" href="ample/xul/label.xml#attribute_ns-control"/>
<entry title="scrollbox" href="ample/xul/scrollbox.xml"/>
<entry title="separator" href="ample/xul/separator.xml"/>
<entry title="spacer" href="ample/xul/spacer.xml"/>
<entry title="splitter" href="ample/xul/splitter.xml"/>
<entry title="resizeafter (splitter)" href="ample/xul/splitter.xml#attribute-resizeafter"/>
<entry title="resizebefore (splitter)" href="ample/xul/splitter.xml#attribute-resizebefore"/>
<entry title="stack" href="ample/xul/stack.xml"/>
<entry title="vbox" href="ample/xul/vbox.xml"/>
<entry title="script" href="ample/xul/script.xml"/>
<entry title="src (script)" href="ample/xul/script.xml#attribute-src"/>
<entry title="dialog" href="ample/xul/dialog.xml"/>
<entry title="title (dialog)" href="ample/xul/dialog.xml#attribute-title"/>
<entry title="buttons (dialog)" href="ample/xul/dialog.xml#attribute-buttons"/>
<entry title="acceptDialog (dialog)" href="ample/xul/dialog.xml#method-acceptDialog"/>
<entry title="cancelDialog (dialog)" href="ample/xul/dialog.xml#method-cancelDialog"/>
<entry title="centerWindowOnScreen (dialog)" href="ample/xul/dialog.xml#method-centerWindowOnScreen"/>
<entry title="load (dialog)" href="ample/xul/dialog.xml#event-load"/>
<entry title="unload (dialog)" href="ample/xul/dialog.xml#event-unload"/>
<entry title="dialogaccept (dialog)" href="ample/xul/dialog.xml#event-dialogaccept"/>
<entry title="dialogcancel (dialog)" href="ample/xul/dialog.xml#event-dialogcancel"/>
<entry title="dialogdisclosure (dialog)" href="ample/xul/dialog.xml#event-dialogdisclosure"/>
<entry title="dialoghelp (dialog)" href="ample/xul/dialog.xml#event-dialoghelp"/>
<entry title="dialogheader" href="ample/xul/dialogheader.xml"/>
<entry title="title (dialogheader)" href="ample/xul/dialogheader.xml#attribute-title"/>
<entry title="description (dialogheader)" href="ample/xul/dialogheader.xml#attribute-description"/>
<entry title="wizard" href="ample/xul/wizard.xml"/>
<entry title="title (wizard)" href="ample/xul/wizard.xml#attribute-title"/>
<entry title="pagestep (wizard)" href="ample/xul/wizard.xml#attribute-pagestep"/>
<entry title="advance (wizard)" href="ample/xul/wizard.xml#method-advance"/>
<entry title="rewind (wizard)" href="ample/xul/wizard.xml#method-rewind"/>
<entry title="cancel (wizard)" href="ample/xul/wizard.xml#method-cancel"/>
<entry title="goTo (wizard)" href="ample/xul/wizard.xml#method-goTo"/>
<entry title="getPageById (wizard)" href="ample/xul/wizard.xml#method-getPageById"/>
<entry title="getButton (wizard)" href="ample/xul/wizard.xml#method-getButton"/>
<entry title="currentPage (wizard)" href="ample/xul/wizard.xml#property-currentPage"/>
<entry title="wizardPages (wizard)" href="ample/xul/wizard.xml#property-wizardPages"/>
<entry title="wizardback (wizard)" href="ample/xul/wizard.xml#event-wizardback"/>
<entry title="wizardcancel (wizard)" href="ample/xul/wizard.xml#event-wizardcancel"/>
<entry title="wizardfinish (wizard)" href="ample/xul/wizard.xml#event-wizardfinish"/>
<entry title="wizardnext (wizard)" href="ample/xul/wizard.xml#event-wizardnext"/>
<entry title="load (wizard)" href="ample/xul/wizard.xml#event-load"/>
<entry title="unload (wizard)" href="ample/xul/wizard.xml#event-unload"/>
<entry title="wizardpage" href="ample/xul/wizardpage.xml"/>
<entry title="label (wizardpage)" href="ample/xul/wizardpage.xml#attribute-label"/>
<entry title="description (wizardpage)" href="ample/xul/wizardpage.xml#attribute-description"/>
<entry title="next (wizardpage)" href="ample/xul/wizardpage.xml#attribute-next"/>
<entry title="pageid (wizardpage)" href="ample/xul/wizardpage.xml#attribute-pageid"/>
<entry title="pageadvanced (wizardpage)" href="ample/xul/wizardpage.xml#event-pageadvanced"/>
<entry title="pagehide (wizardpage)" href="ample/xul/wizardpage.xml#event-pagehide"/>
<entry title="pagerewound (wizardpage)" href="ample/xul/wizardpage.xml#event-pagerewound"/>
<entry title="pageshow (wizardpage)" href="ample/xul/wizardpage.xml#event-pageshow"/>
<entry title="page" href="ample/xul/page.xml"/>
<entry title="load (page)" href="ample/xul/page.xml#event-load"/>
<entry title="unload (page)" href="ample/xul/page.xml#event-unload"/>
<entry title="window" href="ample/xul/window.xml"/>
<entry title="title (window)" href="ample/xul/window.xml#attribute-title"/>
<entry title="load (window)" href="ample/xul/window.xml#event-load"/>
<entry title="unload (window)" href="ample/xul/window.xml#event-unload"/>
<entry title="HTML 5 - A vocabulary and associated APIs for HTML and XHTML" href="ample/html5/html5.xml"/>
<entry title="- Namespace URI" href="ample/html5/html5.xml"/>
<entry title="- Ample SDK implementation details" href="ample/html5/html5.xml"/>
<entry title="Abstract [UI] Markup Language (AML 1.0)" href="ample/aml/aml.xml"/>
<entry title="- Namespace URI" href="ample/aml/aml.xml"/>
<entry title="- Ample SDK implementation details" href="ample/aml/aml.xml"/>
<entry title="AMLElement" href="ample/aml/AMLElement.xml"/>
<entry title="aml:resizable (AMLElement)" href="ample/aml/AMLElement.xml#attribute-aml:resizable"/>
<entry title="aml:resize-edges (AMLElement)" href="ample/aml/AMLElement.xml#attribute-aml:resize-edges"/>
<entry title="aml:draggable (AMLElement)" href="ample/aml/AMLElement.xml#attribute-aml:draggable"/>
<entry title="aml:droppable (AMLElement)" href="ample/aml/AMLElement.xml#attribute-aml:droppable"/>
<entry title="aml:selectable (AMLElement)" href="ample/aml/AMLElement.xml#attribute-aml:selectable"/>
<entry title="data" href="ample/aml/data.xml"/>
<entry title="src (data)" href="ample/aml/data.xml#attribute-src"/>
<entry title="async (data)" href="ample/aml/data.xml#attribute-async"/>
<entry title="type (data)" href="ample/aml/data.xml#attribute-type"/>
<entry title="load (data)" href="ample/aml/data.xml#method-load"/>
<entry title="load (data)" href="ample/aml/data.xml#event-load"/>
<entry title="unload (data)" href="ample/aml/data.xml#event-unload"/>
<entry title="error (data)" href="ample/aml/data.xml#event-error"/>
<entry title="repeater" href="ample/aml/repeater.xml"/>
<entry title="data (repeater)" href="ample/aml/repeater.xml#attribute-data"/>
<entry title="select (repeater)" href="ample/aml/repeater.xml#attribute-select"/>
<entry title="map" href="ample/aml/map.xml"/>
<entry title="longitude (map)" href="ample/aml/map.xml#attribute-longitude"/>
<entry title="latitude (map)" href="ample/aml/map.xml#attribute-latitude"/>
<entry title="altitude (map)" href="ample/aml/map.xml#attribute-altitude"/>
<entry title="object (map)" href="ample/aml/map.xml#property-object"/>
<entry title="marker" href="ample/aml/marker.xml"/>
<entry title="longitude (marker)" href="ample/aml/marker.xml#attribute-longitude"/>
<entry title="latitude (marker)" href="ample/aml/marker.xml#attribute-latitude"/>
<entry title="image (marker)" href="ample/aml/marker.xml#attribute-image"/>
<entry title="object (marker)" href="ample/aml/marker.xml#property-object"/>
<entry title="sound" href="ample/aml/sound.xml"/>
<entry title="src (sound)" href="ample/aml/sound.xml#attribute-src"/>
<entry title="autoplay (sound)" href="ample/aml/sound.xml#attribute-autoplay"/>
<entry title="play (sound)" href="ample/aml/sound.xml#method-play"/>
<entry title="stop (sound)" href="ample/aml/sound.xml#method-stop"/>
<entry title="timer" href="ample/aml/timer.xml"/>
<entry title="timeout (timer)" href="ample/aml/timer.xml#attribute-timeout"/>
<entry title="interval (timer)" href="ample/aml/timer.xml#attribute-interval"/>
<entry title="autostart (timer)" href="ample/aml/timer.xml#attribute-autostart"/>
<entry title="start (timer)" href="ample/aml/timer.xml#method-start"/>
<entry title="stop (timer)" href="ample/aml/timer.xml#method-stop"/>
<entry title="interval (timer)" href="ample/aml/timer.xml#event-interval"/>
<entry title="timeout (timer)" href="ample/aml/timer.xml#event-timeout"/>
<entry title="handler" href="ample/aml/handler.xml"/>
<entry title="event (handler)" href="ample/aml/handler.xml#attribute-event"/>
<entry title="type (handler)" href="ample/aml/handler.xml#attribute-type"/>
<entry title="phase (handler)" href="ample/aml/handler.xml#attribute-phase"/>
<entry title="propagate (handler)" href="ample/aml/handler.xml#attribute-propagate"/>
<entry title="defaultAction (handler)" href="ample/aml/handler.xml#attribute-defaultAction"/>
</index>
