<?xml version="1.0" encoding="utf-8"?>
<?xml-stylesheet type="text/xsl" href="../../../stylesheets/page.xsl"?>
<element name="listener">
	<implements />
	<abstract>
		<locale>
			Element <link type="element">listener</link> supports a subset of the DOM's EventListener interface.
			It is used to declare event listeners and register them with specific nodes in the DOM.
		</locale>
		<locale xml:lang="ru">
			Элемент <link type="element">listener</link> поддерживает DOM интерфейс EventListener и предназначен для декларации обработчиков событий узлов в DOM.
		</locale>
	</abstract>
	<remarks />
	<examples>
		<example>
			<description>
				<locale>
					In the given below example, the event <b>click</b> is prevented from propagation and an alert is called with message.
				</locale>
				<locale xml:lang="ru">
					В примере событие <b>click</b> не распространяется дальше по структуре документа, а его обработчик выводит диалоговое окно с сообщением.
				</locale>
			</description>
			<code type="text/xml"><![CDATA[
<div xmlns="http://www.w3.org/1999/xhtml" xmlns:ev="http://www.w3.org/2001/xml-events">
	<ev:listener event="click" handler="javascript:alert('Propagation stopped!')" propagate="stop" />
</div>
			]]></code>
		</example>
	</examples>
	<members>
		<attributes>
			<!--attribute name="id" readonly="true">
				<description>
					<locale>
						The optional <link type="attribute">id</link> attribute is a document-unique identifier.
					</locale>
					<locale xml:lang="ru">
						Необязательный, является уникальным идентификатором элемента в рамках документа.
					</locale>
				</description>
			</attribute-->
			<attribute name="event" readonly="true">
				<description>
					<locale>
						The required <link type="attribute">event</link> attribute specifies the event type for which the listener is being registered.
					</locale>
					<locale xml:lang="ru">
						Обязательный, указывает тип события, для которого регистрируется обработчик.
					</locale>
				</description>
			</attribute>
			<attribute name="observer" readonly="true">
				<description>
					<locale>
						The optional <link type="attribute">observer</link> attribute specifies the id of the element with which the event listener is to be registered.
					</locale>
					<locale xml:lang="ru">
						Необязательный, указывает идентификатор элемента, к которому привязывается регистрируемый обработчик. Если атрибут не указан, обработчик привязывается к родительскому элементу для элемента <link type="element">listener</link>.
					</locale>
				</description>
			</attribute>
			<attribute name="target" readonly="true">
				<description>
					<locale>
						The optional <link type="attribute">target</link> attribute specifies the id of the target element of the event.
					</locale>
					<locale xml:lang="ru">
						Необязательный, указывает идентификатор элемента, на котором будет инициироваться обрабатываемое событие. Этот элемент должен быть потомком элемента, указанного в <link type="attribute">observer</link>, или самим <link type="attribute">observer</link>.
					</locale>
				</description>
			</attribute>
			<attribute name="handler" readonly="true">
				<description>
					<locale>
						The optional <link type="attribute">handler</link> attribute specifies the URI reference of a resource that defines the action that should be performed if the event reaches the observer.
					</locale>
					<locale xml:lang="ru">
						Необязательный, указывает URI ссылку на ресурс, который определяет код обработчика события, который исполнится при достижении событием элемента, указанного в атрибуте <link type="attribute">observer</link>.
					</locale>
				</description>
			</attribute>
			<attribute name="phase" readonly="true" default="default">
				<values>
					<value name="capture">
						<description>
							<locale>
								Listener is activated during capturing phase.
							</locale>
							<locale xml:lang="ru">
								Обработчик исполняется в фазе "capture".
							</locale>
						</description>
					</value>
					<value name="default">
						<description>
							<locale>
								Listener is activated during bubbling or target phase.
							</locale>
							<locale xml:lang="ru">
								Обработчик исполняется в фазах "bubbling" и "target".
							</locale>
						</description>
					</value>
				</values>
				<description>
					<locale>
						The optional <link type="attribute">phase</link> attribute specifies when the listener will be activated by the desired event.
					</locale>
					<locale xml:lang="ru">
						Необязательный атрибут, задает фазу активации обработчика события указанного типа.
					</locale>
				</description>
			</attribute>
			<attribute name="propagate" readonly="true" default="continue">
				<values>
					<value name="stop">
						<description>
							<locale>
								event propagation stops
							</locale>
							<locale xml:lang="ru">
								Распространение события останавливается после исполнения обработчика.
							</locale>
						</description>
					</value>
					<value name="continue">
						<description>
							<locale>
								event propagation continues (unless stopped by other means, such as scripting, or by another listener).
							</locale>
							<locale xml:lang="ru">
								Распространение события продолжается после исполнения обработчика (если распространение не было остановлено другими способами, например, через скрипт или другим обработчиком).
							</locale>
						</description>
					</value>
				</values>
				<description>
					<locale>
						The optional <link type="attribute">propagate</link> attribute specifies whether after processing all listeners at the current node, the event is allowed to continue on its path (either in the capture or the bubble phase).
					</locale>
					<locale xml:lang="ru">
						Необязательный атрибут <link type="attribute">propagate</link> указывает, будет ли распространено событие после исполнения всех обработчиков на текущем узле.
					</locale>
				</description>
			</attribute>
			<attribute name="defaultAction" readonly="true" default="perform">
				<values>
					<value name="cancel">
						<description>
							<locale>
								if the event type is cancelable, the default action is cancelled
							</locale>
							<locale xml:lang="ru">
								Если событие cancelable, отменяет ответную реакцию браузера по умолчанию на событие.
							</locale>
						</description>
					</value>
					<value name="perform">
						<description>
							<locale>
								the default action is performed (unless cancelled by other means, such as scripting, or by another listener).
							</locale>
							<locale xml:lang="ru">
								Разрешает ответную реакцию браузера по умолчанию на событие (если оно не было отменено другими способами, например, скриптом или другим обработчиком события).
							</locale>
						</description>
					</value>
				</values>
				<description>
					<locale>
						The optional <link type="attribute">defaultAction</link> attribute specifies whether after processing of all listeners for the event, the default action for the event (if any) should be performed or not.
					</locale>
					<locale xml:lang="ru">
						Необязательный, указывает, будет ли выполнена ответная реакция браузера по умолчанию на событие.
					</locale>
				</description>
			</attribute>
		</attributes>
		<methods />
		<properties />
		<events />
	</members>
</element>