<?xml version="1.0" encoding="utf-8"?>
<?xml-stylesheet type="text/xsl" href="../../../stylesheets/page.xsl"?>
<element extends="xul:XULElement" name="overlay" type="virtual">
	<abstract>
		<locale xml:lang="ru">
			Этот элемент используется в случаях, когда необходимо,
			чтобы фрагмент содержимого был доступен в нескольких различных окнах.
			Помимо этого, он может быть использован для добавления или замещения содержимого окна.
			Overlay определяется в отдельном XUL-файле. Overlay'и применяются в процессе загрузки XUL.
		</locale>
	</abstract>
	<remarks />
	<examples />
	<members>
		<attributes />
		<methods />
		<properties />
		<events />
	</members>
</element>