<?xml version="1.0" encoding="utf-8"?>
<?xml-stylesheet type="text/xsl" href="../../../stylesheets/page.xsl"?>
<element extends="xul:XULElement" name="progressmeter" type="regular">
	<implements />
	<abstract>
		<locale xml:lang="ru">
			Элемент, позволяющий отображать индикатор прогресса какой-либо продолжительной операции.
			Отображается в виде полоски, заполняющейся по мере выполнения операции.
			С использования атрибута <link type="attribute">mode</link> можно создать индикатор прогресса для неизмерямой операции.
			Этот тип индикатора используется для операций, время выполнения которых не известно заранее.
		</locale>
	</abstract>
	<remarks />
	<examples />
	<members>
		<attributes>
			<attribute name="value" default="0" readonly="false">
				<description>
					<locale xml:lang="ru">
						Значение в процентах, которое указывает, на сколько заполнен индикатор прогресса.
						Значения варьируются от 0 до 100.
					</locale>
				</description>
			</attribute>
			<attribute name="mode" default="determined" readonly="false">
				<values>
					<value name="determined">
						<description>
							<locale xml:lang="ru">
								Время выполнения операции известно заранее.
								Для определения заполненности индикатора используется атрибут <link type="attribute">value</link>.
							</locale>
						</description>
					</value>
					<value name="undetermined">
						<description>
							<locale xml:lang="ru">
								Время выполнения операции заранее не известно.
							</locale>
						</description>
					</value>
				</values>
				<description>
					<locale xml:lang="ru">
						Режим использования индикатора прогресса. Режим <b>determined</b> используется, когда заранее известно время выполнения операции.
						Режим <b>undetermined</b> используется, когда заранее неизвестно время выполнения операции.
					</locale>
				</description>
			</attribute>
		</attributes>
		<methods />
		<properties />
		<events />
	</members>
</element>