<?xml version="1.0" encoding="utf-8"?>
<?xml-stylesheet type="text/xsl" href="../../../stylesheets/page.xsl"?>
<element extends="xul:XULElement" name="treebody" type="regular">
	<implements />
	<abstract>
		<locale xml:lang="ru">
			Контейнер для элементов <link type="element">treechildren</link>.
			Может находиться только внутри элемента <link type="element">tree</link>.
		</locale>
	</abstract>
	<remarks>
		<remark>
			<locale xml:lang="ru">
				Этот элемент не определен в спецификации XUL.
				Тем не менее, его необходимо указывать в разметке, при использовании элемента <link type="element">tree</link>.
			</locale>
		</remark>
	</remarks>
	<examples />
	<members>
		<attributes />
		<methods />
		<properties />
		<events />
	</members>
</element>