<?xml version="1.0" encoding="utf-8"?>
<?xml-stylesheet type="text/xsl" href="../../../stylesheets/page.xsl"?>
<element extends="xul:XULElement" name="groupbox" type="boxed">
	<implements />
	<abstract>
		<locale xml:lang="ru">
			Блок, который ограничен визуальной рамкой.
			Предназначен для группировки элементов.
			Если внутри определен элемент <link type="element">caption</link>,
			он будет использован для заголовка.
		</locale>
	</abstract>
	<remarks />
	<examples />
	<members>
		<attributes />
		<methods />
		<properties />
		<events />
	</members>
</element>