<?xml version="1.0" encoding="utf-8"?>
<?xml-stylesheet type="text/xsl" href="../../../stylesheets/page.xsl"?>
<element extends="xul:XULElement" name="tabpanel" type="boxed">
	<implements />
	<abstract>
		<locale xml:lang="ru">
			Панель закладок из элемента <link type="element">tabpanels</link>.
			Этот элемент не является обязательным, вместо него можно использовать любой другой контейнер.
		</locale>
	</abstract>
	<remarks />
	<examples />
	<members>
		<attributes />
		<methods />
		<properties />
		<events />
	</members>
</element>