<?xml version="1.0" encoding="utf-8"?>
<?xml-stylesheet type="text/xsl" href="../../../stylesheets/page.xsl"?>
<element name="use" extends="svg11:SVG11Element">
	<abstract>
		<locale>
			The 'use' element references another element and indicates that the graphical contents of that element is included/drawn at that given point in the document.
		</locale>
	</abstract>
	<examples />
	<members>
		<attributes>
			<attribute name="xlink:href">
				<description>
					<locale>
						A URI reference to an element/fragment within an SVG document.
					</locale>
				</description>
			</attribute>
		</attributes>
	</members>
</element>