<?xml version="1.0" encoding="utf-8"?>
<?xml-stylesheet type="text/xsl" href="../../../stylesheets/page.xsl"?>
<element extends="xul:XULElement" name="groupbox">
	<implements />
	<abstract>
		<locale>
			The <link type="element">groupbox</link> is used to group related elements together.
			If a <link type="element">caption</link> element is placed inside the <link type="element">groupbox</link>, it will be used as a caption which appears along the top of the groupbox.
		</locale>
		<locale xml:lang="ru">
			Блок, который ограничен визуальной рамкой.
			Предназначен для группировки элементов.
			Если внутри определен элемент <link type="element">caption</link>,
			он будет использован для заголовка.
		</locale>
	</abstract>
	<remarks />
	<examples />
	<members>
		<attributes />
		<methods />
		<properties />
		<events />
	</members>
</element>