<?xml version="1.0" encoding="utf-8"?>
<?xml-stylesheet type="text/xsl" href="../../../stylesheets/page.xsl"?>
<element extends="xul:XULElement" name="row">
	<implements />
	<abstract>
		<locale>
			A single row in a <link type="element">rows</link> element.
		</locale>
		<locale xml:lang="ru">
			Одна строка в элементе <link type="element">rows</link>.
			Каждый дочерний элемент помещается в соответствующую ячейку грида.
			Строка с наибольшим количеством дочерних элементов определяет количество столбцов.
		</locale>
	</abstract>
	<remarks />
	<examples />
	<members>
		<attributes />
		<methods />
		<properties />
		<events />
	</members>
</element>