<?xml version="1.0" encoding="utf-8"?>
<?xml-stylesheet type="text/xsl" href="../../../stylesheets/page.xsl"?>
<element extends="xul:XULElement" name="rows">
	<implements />
	<abstract>
		<locale>
			Defines the rows of a <link type="element">grid</link>.
		</locale>
		<locale xml:lang="ru">
			Описывает строки элемента <link type="element">grid</link>.
			Дочерние элементы должны быть только элементами <link type="element">row</link>.
		</locale>
	</abstract>
	<remarks />
	<examples />
	<members>
		<attributes />
		<methods />
		<properties />
		<events />
	</members>
</element>