<?xml version="1.0" encoding="utf-8"?>
<?xml-stylesheet type="text/xsl" href="../../../stylesheets/page.xsl"?>
<element extends="xul:XULElement" name="vbox">
	<implements />
	<abstract>
		<locale>
			A container element which can contain any number of child elements.
			This is equivalent to the <link type="element">box</link> element, except it defaults to vertical orientation.
		</locale>
		<locale xml:lang="ru">
			Элемент-контейнер, может содержать любое количество дочерних элементов.
			Эквивалентен элементу <link type="element">box</link> с вертикальной ориентацией по умолчанию.
		</locale>
	</abstract>
	<remarks />
	<examples />
	<members>
		<attributes />
		<methods />
		<properties />
		<events />
	</members>
</element>