<?xml version="1.0" encoding="utf-8"?>
<?xml-stylesheet type="text/xsl" href="../../../stylesheets/page.xsl"?>
<element extends="xul:XULElement" name="checkbox">
	<abstract>
		<locale>
			An element that can be turned on and off.
			This is most commonly rendered as a box when the element is off and a box with a check when the element is on.
		</locale>
		<locale xml:lang="ru">
			Элемент, который имеет два статуса: включен и выключен.
			Как правило, отображается как пустой квадрат, если статус "выключено", и квадрат с пометкой,
			если статус "включено". Статус может изменяться путем нажатия мышью на элементе.
			Текст необходим для отображения назначения элемента.
		</locale>
	</abstract>
	<remarks />
	<examples />
	<members>
		<attributes>
			<attribute name="disabled" default="" readonly="false">
				<description>
					<locale>
						Indicates whether the element is disabled or not.
					</locale>
				</description>
			</attribute>
			<attribute name="checked" default="" readonly="false">
				<description>
					<locale>
						Indicates whether the element is checked or not.
					</locale>
					<locale xml:lang="ru">
						Указывает на статус элемента.
					</locale>
				</description>
			</attribute>
			<attribute name="label" default="" readonly="false">
				<description>
					<locale>
						The label that will appear on the element. If this is left out, no text appears.
					</locale>
					<locale xml:lang="ru">
						Текст, отображаемый рядом с элементом. Если недостаточно места для отображения текста, он будет перенесен.
					</locale>
				</description>
			</attribute>
		</attributes>
		<methods />
		<properties />
		<events>
			<event name="change" group="Event" cancelable="false" bubbles="true">
				<description>
					<locale>
						Fires when user selects a new date.
					</locale>
					<locale xml:lang="ru">
						Загорается при изменении значения компонента.
					</locale>
				</description>
			</event>
		</events>
	</members>
</element>