<?xml version="1.0" encoding="utf-8"?>
<?xml-stylesheet type="text/xsl" href="../../../stylesheets/page.xsl"?>
<element extends="xul:XULElement" name="toolbarbutton">
	<implements />
	<abstract>
		<locale>
			A button that appears on a <link type="element">toolbar</link>.
		</locale>
		<locale xml:lang="ru">
			Кнопка для элемента <link type="element">toolbar</link>.
			Эквивалентен элементу <link type="element">button</link> за исключеним того,
			что он отображается немного другим образом.
			Как правило, этот элемент должен иметь пиктограмму.
		</locale>
	</abstract>
	<remarks />
	<examples />
	<members>
		<attributes>
			<attribute name="type" default="" readonly="true">
				<values>
					<value name="menu">
						<description>
							<locale>
								Set the type attribute to the value menu to create a button with a menu popup.
								Place a <link type="element">menupopup</link> element inside the button in this case.
								The user may click anywhere on the button to open and close the menu.
							</locale>
							<locale xml:lang="ru">
								Кнопка с раскрывающимся меню.
								В этом случае немобходмо поместить внутрь элемент <link type="element">menupopup</link>.
							</locale>
						</description>
					</value>
					<value name="menu-button">
						<description>
							<locale>
								You can also use the value menu-button to create a button with a menu.
								Unlike the menu type, this type requires the user to press the arrow to open the menu, but a different command may be invoked when the main part of the button is pressed.
								This type of button would be used for browser's back and forward buttons.
							</locale>
							<locale xml:lang="ru">
								Кнопка с раскрывающимся меню.
								В отличие от кнопки типа <b>menu</b>, для появления раскрывающегося меню от пользователя требуется нажатие на стрелочку.
								При нажатии на самой кнопки может быть вызвана другая команда.
								Кнопки такого типа используются в кнопках браузеров "вперед" и "назад".
							</locale>
						</description>
					</value>
					<value name="checkbox">
						<description>
							<locale>
								Use this type to create a toggle button which will switch the checked state each time the button is pressed.
							</locale>
						</description>
					</value>
					<value name="radio">
						<description>
							<locale>
								Use this type to create a radio button.
								You can also create a group of <link type="element">toolbarbutton</link> using this type and the attribute <link type="attribute">group</link>.
							</locale>
						</description>
					</value>
				</values>
				<description>
					<locale>
						The type of button.
						If this attribute is not present, a normal button is created.
					</locale>
					<locale xml:lang="ru">
						Тип кнопки.
						Если не указан, отобразится стандартная кнопка.
					</locale>
				</description>
			</attribute>
			<attribute name="image" default="" readonly="false">
				<description>
					<locale>
						The URL of the image to appear on the element.
						If this attribute is empty or left out, no image appears.
					</locale>
					<locale xml:lang="ru">
						URL пиктограммы для кнопки.
					</locale>
				</description>
			</attribute>
			<attribute name="label" default="" readonly="false">
				<description>
					<locale>
						The label that will appear on the element. If this is left out, no text appears.
					</locale>
					<locale xml:lang="ru">
						Текст для кнопки.
					</locale>
				</description>
			</attribute>
			<attribute name="checked">
				<description>
					<locale>
						Indicates whether the element is checked or not.
					</locale>
				</description>
			</attribute>
		</attributes>
		<methods />
		<properties />
		<events>
<!--
			<event name="command" group="Event" cancelable="false" bubbles="true">
				<description>
				</description>
			</event>
-->
		</events>
	</members>
</element>