<?xml version="1.0" encoding="utf-8"?>
<?xml-stylesheet type="text/xsl" href="../../../stylesheets/page.xsl"?>
<object name="XULElement" extends="runtime:AMLElement">
	<abstract>
		<locale>
			Represent XUL Element Object.
		</locale>
		<locale xml:lang="ru">
			Представляет базовый элемент XUL.
		</locale>
	</abstract>
	<remarks />
	<examples/>
	<members>
		<attributes>
			<attribute name="align" default="stretch" readonly="false">
				<values>
					<value name="start">
						<description>
							<locale>
								Child elements are aligned starting from the left or top edge of the box.
								If the box is larger than the total size of the children, the extra space is placed on the right or bottom side.
							</locale>
							<locale xml:lang="ru">
								Дочерние элементы выравниваются по левому или верхнему углу блока.
								Если размеры блока превышают совокупный размера дочерних элементов, пространство будет пустым справа или снизу соответственно.
							</locale>
						</description>
					</value>
					<value name="center">
						<description>
							<locale>
								Extra space is split equally along each side of the child elements, resulting in the children being placed in the center of the box.
							</locale>
							<locale xml:lang="ru">
								Дополнительное пустое пространство разделяется на две равные части слева и справа от дочерних таким образом, что дочерние элементы располагаются внутри блока по центру.
							</locale>
						</description>
					</value>
					<value name="end">
						<description>
							<locale>
								Child elements are placed on the right or bottom edge of the box.
								If the box is larger than the total size of the children, the extra space is placed on the left or top side.
							</locale>
							<locale xml:lang="ru">
								Дочерние элементы выравниваются по правому или нижнему углу блока.
								Если размеры блока превышают совокупный размер дочерних элементов, пространство будет пустым слева или сверху соответственно.
							</locale>
						</description>
					</value>
					<value name="stretch">
						<description>
							<locale>
								The child elements are stretched to fit the size of the box. For a horizontal box, the children are stretched to be the height of the box.
								For a vertical box, the children are stretched to be the width of the box.
							</locale>
							<locale xml:lang="ru">
								Дочерние элементы растягиваются таким образом, чтобы занять всё пространство внутри блока.
							</locale>
						</description>
					</value>
				</values>
				<description>
					<locale>
						The align attribute specifies how child elements of the box are aligned when the size of the box is larger than the total size of the children.
						For boxes that have horizontal orientation, it specifies how its children will be aligned vertically.
						For boxes that have vertical orientation, it is used to specify how its children are aligned horizontally
					</locale>
					<locale xml:lang="ru">
						Указывает, как дочерние элементы будут выровнены внутри блока, если размер блока превышает совокупного размера дочерних элементов.
						Для блоков с горизонтальной ориентацией указывает на выравнивание по вертикали.
						Для блоков с вертикальной ориентацией указывает на выравнивание по горизонтали.
					</locale>
				</description>
			</attribute>
			<attribute name="pack" default="stretch" readonly="false">
				<values>
					<value name="start">
						<description>
							<locale>
								Child elements are placed starting from the left or top edge of the box.
								If the box is larger than the total size of the children, the extra space is placed on the right or bottom side.
							</locale>
							<locale xml:lang="ru">
								Дочерние элементы располагаются в левом или верхнем углу блока.
								Если размеры блока превышают совокупный размера дочерних элементов, пространство будет пустым справа или снизу соответственно.
							</locale>
						</description>
					</value>
					<value name="center">
						<description>
							<locale>
								Extra space is split equally along each side of the child elements, resulting the children being placed in the center of the box.
							</locale>
							<locale xml:lang="ru">
								Дополнительное пустое пространство разделяется на две равные части слева и справа от дочерних таким образом, что дочерние элементы располагаются внутри блока по центру.
							</locale>
						</description>
					</value>
					<value name="end">
						<description>
							<locale>
								Child elements are placed on the right or bottom edge of the box.
								If the box is larger than the total size of the children, the extra space is placed on the left or top side.
							</locale>
							<locale xml:lang="ru">
								Дочерние элементы располагаются в правом или нижнем углу блока.
								Если размеры блока превышают совокупный размер дочерних элементов, пространство будет пустым слева или сверху соответственно.
							</locale>
						</description>
					</value>
					<value name="stretch">
						<description>
							<locale>
								The child elements are stretched to fit the size of the box.
							</locale>
						</description>
					</value>
				</values>
				<description>
					<locale>
						he pack attribute specifies where child elements of the box are placed when the box is larger that the size of the children.
						For boxes with horizontal orientation, it is used to indicate the position of children horizontally.
						For boxes with vertical orientation, it is used to indicate the position of children vertically.
						The align attribute is used to specify the position in the opposite direction.
					</locale>
					<locale xml:lang="ru">
						Указывает, как дочерние элементы располагаются внутри блока, когда размер блока превышает совокупный размер дочерних элементов.
						Для блоков с горизонтальной ориентацией указывает на расположение по горизонтали.
						Для блоков с вертикальной ориентацией указывает на расположение по вертикали.
					</locale>
				</description>
			</attribute>
			<attribute name="flex" default="" readonly="false">
				<description>
					<locale>
						Indicates the flexibility of the element, which indicates how an element's container distributes remaining empty space among its children.
						Flexible elements grow and shrink to fit their given space.
						Elements with larger flex values will be made larger than elements with lower flex values, at the ratio determined by the two elements.
						The actual value is not relevant unless there are other flexible elements within the same container.
						Once the default sizes of elements in a box are calculated, the remaining space in the box is divided among the flexible elements, according to their flex ratios.
						Specifying a flex value of 0 has the same effect as leaving the flex attribute out entirely.
					</locale>
					<locale xml:lang="ru">
						Указывает на пропорции распределения размеров пустого пространства внутри
						блока родительского элемента между его дочерними элементами.
						Это значение не принимается в расчет, если среди соседних элементов нет другого,
						у которого так же выставлен атрибут <link type="attribute">flex</link>.
						Элементы с большим значением атрибута <link type="attribute">flex</link> занимают больше места,
						чем элементы с меньшим значением.
					</locale>
				</description>
			</attribute>
			<attribute name="debug" default="false" readonly="true">
				<values>
					<value name="true">
						<description>
							<locale>
								For horizontally drawn elements the red border is shown, for vertically - the blue one.
							</locale>
						</description>
					</value>
					<value name="false">
						<description/>
					</value>
				</values>
				<description>
					<locale>
						Draws a debug border around the box.
					</locale>
					<locale xml:lang="ru">
						Указывает, будут ли дополнительная рамка вокруг элемента.
						Может быть полезным при определении ориентации элемента,
						а так же при выставлении значения атрибута <link type="attribute">flex</link>.
						Если выставлен в значение <b>true</b>, элементы, ориентированные горизонтально, будут отображаться с синей рамкой, а элементы, ориентированные вертикально, будут отображаться с красной рамкой.
					</locale>
				</description>
			</attribute>
			<attribute name="orient" default="" readonly="false">
				<values>
					<value name="horizontal">
						<description>
							<locale>
								Child elements of the element are placed next to each other in a row in the order that they appear in the XUL source.
							</locale>
							<locale xml:lang="ru">
								Дочерние элементы располагаются по горизонтали рядом друг с другом в порядке, в котором они следуют в XML.
							</locale>
						</description>
					</value>
					<value name="vertical">
						<description>
							<locale>
								Child elements of the element are placed under each other in a column in the order that they appear in the XUL source.
							</locale>
							<locale xml:lang="ru">
								Дочерние элементы располагаются по вертикали друг под другом в порядке, в котором они следуют в XML.
							</locale>
						</description>
					</value>
				</values>
				<description>
					<locale>
						Used to specify whether the children of the element are oriented horizontally or vertically.
					</locale>
					<locale xml:lang="ru">
						Указывает на ориентацию дочерних элементов.
						Значение по умолчанию зависит от конкретного элемента.
					</locale>
				</description>
			</attribute>
			<attribute name="height" default="" readonly="false">
				<description>
					<locale>
						The preferred height of the element in pixels.
					</locale>
					<locale xml:lang="ru">
						Высота элемента в пикселях.
					</locale>
				</description>
			</attribute>
			<attribute name="width" default="" readonly="false">
				<description>
					<locale>
						The preferred width of the element in pixels.
					</locale>
					<locale xml:lang="ru">
						Ширина элемента в пикселях.
					</locale>
				</description>
			</attribute>
			<attribute name="style" default="" readonly="false">
				<description>
					<locale>
						CSS style rules to be applied to the element.
						Syntax is as in the HTML style attribute.
						It is preferred to put style rules in style sheets.
					</locale>
					<locale xml:lang="ru">
						Стили CSS, применяемые к элементу.
						Синтаксис идентичен синтаксису атрибута <link type="attribute">style</link> у HTML-элемента.
					</locale>
				</description>
			</attribute>
			<attribute name="context" default="" readonly="false">
				<description>
					<locale>
						Should be set to the value of the id of the popup element that should appear when the user context-clicks on the element.
					</locale>
					<locale xml:lang="ru">
						Должен быть выставлен в значение атрибута <link type="attribute">id</link> элемента <link type="element">popup</link>, который появится при контекстном нажатии.
					</locale>
				</description>
			</attribute>
			<attribute name="popup" default="" readonly="false">
				<description>
					<locale>
						Should be set to the value of the id of the popup  element that should appear when the user clicks on the element.
					</locale>
					<locale xml:lang="ru">
						Должен быть выставлен в значение атрибута <link type="attribute">id</link> всплывающего элемента, который появится при обычном нажатии.
					</locale>
				</description>
			</attribute>
			<attribute name="tooltip" default="" readonly="false">
				<description>
					<locale>
						Should be set to the value of the id  of the popup element that should be used as a tooltip window when the mouse hovers over the element for a moment.
					</locale>
					<locale xml:lang="ru">
						Должен быть выставлен в значение атрибута <link type="attribute">id</link> элемента <link type="element">tooltip</link>, который появится при наведении мыши.
					</locale>
				</description>
			</attribute>
			<attribute name="tooltiptext" default="" readonly="false">
				<description>
					<locale>
						Used to set the text which appears in the tooltip when the user moves the mouse over the element.
					</locale>
					<locale xml:lang="ru">
						Текстовое значение, которое отображается в элементе <link type="element">tooltip</link>, появляющемся при наведении мыши.
					</locale>
				</description>
			</attribute>
			<!--
			<attribute name="context" default="" readonly="false">
				<description>
					Должен быть выставлен в значение атрибута <link type="attribute">id</link> элемента <link type="element">popup</link>, который появится при наведении мыши.
					Should be set to the value of the id of the <link type="element">popup</link> element that should appear when the user context-clicks on the element. A context-click varies on each platform. Usually it will be a right click.
				</description>
			</attribute>
			-->
			<attribute name="class" default="" readonly="false">
				<description>
					<locale>
						Element class.
					</locale>
					<locale xml:lang="ru">
						Указывает на class элемента.
					</locale>
				</description>
			</attribute>
			<attribute name="hidden" default="false" readonly="false">
				<values>
					<value name="true">
						<description>
							<locale>
								Element is visible.
							</locale>
							<locale xml:lang="ru">
								Элемент видимый.
							</locale>
						</description>
					</value>
					<value name="false">
						<description>
							<locale>
								Element is invisible.
							</locale>
							<locale xml:lang="ru">
								Элемент невидимый.
							</locale>
						</description>
					</value>
				</values>
				<description>
					<locale>
						If set to true, the element is not displayed. This is similar to setting the CSS display property to 'none'.
					</locale>
					<locale xml:lang="ru">
						Указывает, показывается элемент или нет.
					</locale>
				</description>
			</attribute>
			<attribute name="command" default="false" readonly="false">
				<description>
					<locale>
						Set to the id of a command element that is being observed by the element.
					</locale>
					<locale xml:lang="ru">
						Выставлен в значение атрибута <link type="attribute">id</link> элемента <link type="element">command</link>, который с ним связан.
					</locale>
				</description>
			</attribute>
			<attribute name="observes" default="false" readonly="false">
				<description>
					<locale>
						Set to an id of a broadcaster element that is being observed by the element.
						If an attribute changes in the broadcaster it is also changed in the observer.
					</locale>
					<locale xml:lang="ru">
						Выставлен в значение атрибута <link type="attribute">id</link> элемента <link type="element">broadcaster</link>, который с ним связан.
					</locale>
				</description>
			</attribute>
		</attributes>
		<methods />
		<properties />
		<events />
	</members>
</object>