<?xml version="1.0"?>
<people xmlns="">
	<person>
		<firstName>Peter</firstName>
		<lastName>Poncha</lastName>
		<age>34</age>
	</person>
	<person>
		<firstName>John</firstName>
		<lastName>Peer</lastName>
		<age>22</age>
	</person>
	<person>
		<firstName>Ian</firstName>
		<lastName>Vermeer</lastName>
		<age>44</age>
	</person>
	<person>
		<firstName>Sandy</firstName>
		<lastName>Johnson</lastName>
		<age>30</age>
	</person>
	<person>
		<firstName>Remy</firstName>
		<lastName>Martin</lastName>
		<age>39</age>
	</person>
</people>