<?xml version="1.0" encoding="utf-8"?>
<?xml-stylesheet type="text/xsl" href="../../../stylesheets/page.xsl"?>
<element name="schema">
	<abstract>
		<locale>
			The XML Schema component definition.
		</locale>
	</abstract>
	<examples />
	<members>
		<attributes>
			<attribute name="targetNamespace">
				<description>
					<locale>
						Target namespace for the schema.
					</locale>
				</description>
			</attribute>
		</attributes>
		<methods />
		<properties />
		<events />
	</members>
</element>