<?xml version="1.0" encoding="utf-8"?>
<?xml-stylesheet type="text/xsl" href="../../../stylesheets/page.xsl"?>
<element name="union">
	<abstract>
		<locale>
			The union type declaration.
		</locale>
	</abstract>
	<examples />
	<members>
		<attributes>
			<attribute name="memberItems">
				<description>
					<locale>
						List of QNames references.
					</locale>
				</description>
			</attribute>
		</attributes>
		<methods />
		<properties />
		<events />
	</members>
</element>