<?xml version="1.0" encoding="utf-8"?>
<?xml-stylesheet type="text/xsl" href="../../../stylesheets/page.xsl"?>
<element name="enumeration">
	<abstract>
		<locale>
			Facet enumeration constrains the value space to a specified set of values.
		</locale>
	</abstract>
	<examples />
	<members>
		<attributes>
			<attribute name="value">
				<description>
					<locale>
						Value for the value space.
					</locale>
				</description>
			</attribute>
		</attributes>
		<methods />
		<properties />
		<events />
	</members>
</element>