<?xml version="1.0" encoding="utf-8"?>
<?xml-stylesheet type="text/xsl" href="../../../stylesheets/page.xsl"?>
<object name="AMLCustomEvent" extends="runtime:AMLEvent">
	<abstract>
		<locale>
			The CustomEvent interface is the recommended interface for application-specific event types.
		</locale>
		<locale xml:lang="ru">
			Интерфейс объекта CustomEvent используется для предоставления контекстной информации о событии обработчику этого события.
		</locale>
	</abstract>
	<examples/>
	<members>
		<methods>
			<method name="initCustomEvent" type="Void">
				<arguments>
					<argument name="sEventType" type="String" required="true">
						<description>
							<locale xml:lang="ru">
								Указывает на тип события (Event.type).
							</locale>
						</description>
					</argument>
					<argument name="bCanBubble" type="Boolean" required="true">
						<description>
							<locale xml:lang="ru">
								Указывает, может ли событие распространяться в фазе "bubbling".
							</locale>
						</description>
					</argument>
					<argument name="bCancelable" type="Boolean" required="true">
						<description>
							<locale xml:lang="ru">
								Указывает, возможно ли отменить ответную реакцию браузера по умолчанию на событие.
							</locale>
						</description>
					</argument>
					<argument name="oDetail" type="Object" required="true">
						<description>
							<locale>
								Specifies detail. This value may be null.
							</locale>
							<locale xml:lang="ru">
								Указывает дополнительное значение, ассоциированииое с данным событием.
							</locale>
						</description>
					</argument>
				</arguments>
				<description>
					<locale>
						Initializes attributes of a <link type="object">CustomEvent</link> object.
					</locale>
					<locale xml:lang="ru">
						Этот метод используется для инициализации значения объекта <link type="object">AMLCustomEvent</link>.
					</locale>
				</description>
			</method>
		</methods>
		<properties>
			<property name="detail" type="Object">
				<description>
					<locale>
						Specifies some detail information about the Event.
					</locale>
					<locale xml:lang="ru">
						Содержит дополнительное значение, ассоциированииое с данным событием.
					</locale>
				</description>
			</property>
		</properties>
	</members>
	<remarks>
		<remark>
			<locale>
				Events of that type are usually implemented in custom components.
			</locale>
		</remark>
	</remarks>
	<examples />
</object>