<?xml version="1.0" encoding="utf-8"?>
<?xml-stylesheet type="text/xsl" href="../../../stylesheets/page.xsl"?>
<element extends="xul:XULElement" name="label" type="regular">
	<implements />
	<abstract>
		<locale xml:lang="ru">
			Этот элемент используется для предоставления метки управляющему элементу. Так же может быть использовано для отображения текстовой информации.
		</locale>
	</abstract>
	<remarks />
	<examples />
	<members>
		<attributes>
			<attribute name="value" default="" readonly="false">
				<description>
					<locale xml:lang="ru">
						Текст для метки.
					</locale>
				</description>
			</attribute>
			<attribute_ns name="control" default="" readonly="false">
				<description>
					<locale xml:lang="ru">
						This attribute should be set to the id of an element that the label is associated with. When the user clicks on the label, the associated element is given the focus.
					</locale>
				</description>
			</attribute_ns>
		</attributes>
		<methods />
		<properties />
		<events />
	</members>
</element>