<?xml version="1.0" encoding="utf-8"?>
<?xml-stylesheet type="text/xsl" href="../../../stylesheets/page.xsl"?>
<object name="AMLDocument" extends="runtime:AMLNode">
	<abstract>
		<locale>
			Represents the document in a given browser window.
		</locale>
		<locale xml:lang="ru">
			Документ в окне браузера.
		</locale>
	</abstract>
	<remarks />
	<examples/>
	<implements>
		<interface name="runtime:mHistory" />
	</implements>
	<members>
		<methods>
			<method name="createElement" type="AMLElement">
				<arguments>
					<argument name="sTagName" type="String" required="true">
						<description>
							<locale>
								The name of the element type to instantiate
							</locale>
							<locale xml:lang="ru">
								Название элемента, экземпляр которого будет создан.
							</locale>
						</description>
					</argument>
				</arguments>
				<description>
					<locale>
						Creates an element of the type specified.
					</locale>
					<locale xml:lang="ru">
						Создает элемент указанного типа.
					</locale>
				</description>
			</method>
			<method name="createElementNS" type="AMLElement">
				<arguments>
					<argument name="sNameSpaceURI" type="String" required="true">
						<description>
							<locale>
								Namespace of the element to be created.
							</locale>
							<locale xml:lang="ru">
								Пространство имен создаваемого элемента.
							</locale>
						</description>
					</argument>
					<argument name="sQualifiedName" type="String" required="true">
						<description>
							<locale>
								Element's qualified name to be created.
							</locale>
							<locale xml:lang="ru">
								Имя создаваемого элемента (qualified name).
							</locale>
						</description>
					</argument>
				</arguments>
				<description>
					<locale>
						Creates an element of the given qualified name and namespace URI.
					</locale>
					<locale xml:lang="ru">
						Создает элемент с заданным именем в заданном пространстве имен.
					</locale>
				</description>
			</method>
			<method name="createDocumentFragment" type="AMLDocumentFragment">
				<description>
					<locale>
						Creates an empty DocumentFragment object.
					</locale>
					<locale xml:lang="ru">
						Создает объект <link type="object">DocumentFragment</link>.
					</locale>
				</description>
			</method>
			<method name="createTextNode" type="AMLText">
				<arguments>
					<argument name="sData" type="String">
						<description>
							<locale>
								The data for the node.
							</locale>
						</description>
					</argument>
				</arguments>
				<description>
					<locale>
						Creates a Text node given the specified string.
					</locale>
					<locale xml:lang="ru">
						Создает объект <link type="object">AMLText</link> по заданной строке.
					</locale>
				</description>
			</method>
			<method name="createComment" type="AMLComment">
				<arguments>
					<argument name="sData" type="String">
						<description>
							<locale>
								The data for the node.
							</locale>
							<locale xml:lang="ru">
								Данные для узла.
							</locale>
						</description>
					</argument>
				</arguments>
				<description>
					<locale>
						Creates a Comment node given the specified string.
					</locale>
					<locale xml:lang="ru">
						Создает  узел <link type="object">AMLComment</link> по заданной строке.
					</locale>
				</description>
			</method>
			<method name="createCDATASection" type="AMLCDATASection">
				<arguments>
					<argument name="sData" type="String">
						<description>
							<locale>
								The data for the node.
							</locale>
							<locale xml:lang="ru">
								Данные для узла.
							</locale>
						</description>
					</argument>
				</arguments>
				<description>
					<locale>
						Creates a <link type="object">AMLCDATASection</link> node whose value is the specified string.
					</locale>
					<locale xml:lang="ru">
						Создает узел <link type="object">AMLCDATASection</link>, значением которого будет заданная строка.
					</locale>
				</description>
			</method>
			<method name="createProcessingInstruction" type="AMLProcessingInstruction">
				<arguments>
					<argument name="sTarget" type="String">
						<description>
							<locale>
								The target part of the processing instruction.
							</locale>
							<locale xml:lang="ru">
								Название обрабатывающей инструкции.
							</locale>
						</description>
					</argument>
					<argument name="sData" type="String">
						<description>
							<locale>
								The data for the node.
							</locale>
							<locale xml:lang="ru">
								Данные для узла.
							</locale>
						</description>
					</argument>
				</arguments>
				<description>
					<locale>
						Creates a ProcessingInstruction node given the specified name and data strings.
					</locale>
					<locale xml:lang="ru">
						Создает объект <link type="object">AMLProcessingInstruction</link> по заданным имени и данным.
					</locale>
				</description>
			</method>
			<method name="createAttribute" type="AMLAttr">
				<arguments>
					<argument name="sName" type="String">
						<description>
							<locale>
								The name of the attribute.
							</locale>
							<locale xml:lang="ru">
								Имя атрибута.
							</locale>
						</description>
					</argument>
				</arguments>
				<description>
					<locale>
						Creates an Attr of the given name.
					</locale>
					<locale xml:lang="ru">
						Создает объект <link type="object">AMLAttr</link> по заданному имени.
					</locale>
				</description>
			</method>
			<method name="createAttributeNS" type="AMLAttr">
				<arguments>
					<argument name="sNameSpaceURI" type="String" required="true">
						<description>
							<locale>
								Namespace of the attribute to be created.
							</locale>
							<locale xml:lang="ru">
								Пространство имен создаваемого атрибута.
							</locale>
						</description>
					</argument>
					<argument name="sQualifiedName" type="String" required="true">
						<description>
							<locale>
								Attr's qualified name to be created.
							</locale>
							<locale xml:lang="ru">
								Имя создаваемого атрибута (qualified name).
							</locale>
						</description>
					</argument>
				</arguments>
				<description>
					<locale>
						Creates an attribute of the given qualified name and namespace URI.
					</locale>
					<locale xml:lang="ru">
						Создает объект <link type="object">AMLAttr</link> по заданным имени и пространству имен.
					</locale>
				</description>
			</method>
			<method name="createEntityReference" type="AMLEntityReference">
				<arguments>
					<argument name="sName" type="String" required="true">
						<description>
							<locale>
								The name of the entity to reference.
							</locale>
							<locale xml:lang="ru">
								Имя создаваемого <link type="object">AMLEntityReference</link>.
							</locale>
						</description>
					</argument>
				</arguments>
				<description>
					<locale>
						Creates an EntityReference object.
					</locale>
					<locale xml:lang="ru">
						Создает объект <link type="object">AMLEntityReference</link>.
					</locale>
				</description>
			</method>
			<method name="getElementById" type="AMLElement">
				<arguments>
					<argument name="sId" type="String" required="true">
						<description>
							<locale>
								Element identifier
							</locale>
							<locale xml:lang="ru">
								Идентификатор элемента.
							</locale>
						</description>
					</argument>
				</arguments>
				<description>
					<locale>
						Returns the Element that has an ID attribute with the given value.
					</locale>
					<locale xml:lang="ru">
						Возвращает ссылку на <link type="object">AMLElement</link>, у которого атрибут ID соответствует заданному.
					</locale>
				</description>
			</method>
			<method name="getElementsByTagName" type="AMLNodeList">
				<arguments>
					<argument name="sTagName" type="String" required="true">
						<description>
							<locale>
								Element tag name.
							</locale>
							<locale xml:lang="ru">
								Имя элемента.
							</locale>
						</description>
					</argument>
				</arguments>
				<description>
					<locale>
						Returns a <link type="object">AMLNodeList</link> of all the <link type="object">AMLElement</link>s in document order with a given tag name and are contained in the document.
					</locale>
					<locale xml:lang="ru">
						Возвращает коллекцию <link type="object">AMLNodeList</link> из объектов <link type="object">AMLElement</link> по заданному имени в порядке, в котором элементы следуют в документе.
					</locale>
				</description>
			</method>
			<method name="getElementsByTagNameNS" type="AMLNodeList">
				<arguments>
					<argument name="sNameSpaceURI" type="String" required="true">
						<description>
							<locale>
								Namespace URI.
							</locale>
							<locale xml:lang="ru">
								URI пространства имен элемента.
							</locale>
						</description>
					</argument>
					<argument name="sLocalName" type="String" required="true">
						<description>
							<locale>
								Local name.
							</locale>
							<locale xml:lang="ru">
								Имя элемента.
							</locale>
						</description>
					</argument>
				</arguments>
				<description>
					<locale>
						Returns a <link type="object">AMLNodeList</link> of all the <link type="object">AMLElement</link>s with a given local name and namespace URI in document order.
					</locale>
					<locale xml:lang="ru">
						Возвращает коллекцию <link type="object">AMLNodeList</link> из всех объектов <link type="object">AMLElement</link> по заданным имени и пространству имен в порядке, в котором элементы следуют в документе.
					</locale>
				</description>
			</method>
			<method name="importNode" type="AMLNode">
				<arguments>
					<argument name="oNode" type="AMLNode" required="true">
						<description>
							<locale>
								The node to import.
							</locale>
							<locale xml:lang="ru">
								Узел для импорта.
							</locale>
						</description>
					</argument>
					<argument name="bDeep" type="Boolean" required="true">
						<description>
							<locale>
								If true, recursively import the subtree under the specified node; if false, import only the node itself
							</locale>
							<locale xml:lang="ru">
								Если true, импортировать узел с его структурой, с противном случае импортировать непосредственно сам узел без его структуры.
							</locale>
						</description>
					</argument>
				</arguments>
				<description>
					<locale>
						Imports a node from another document to this document, without altering or removing the source node from the original document.
					</locale>
					<locale xml:lang="ru">
						Импортирует узел из одного документа в другой без изменения или удаления узла в оригинальном документе.
					</locale>
				</description>
			</method>
			<!-- DOM Level 3 -->
			<method name="createEvent" type="AMLEvent">
				<arguments>
					<argument name="sEventType" type="String" required="true">
						<description>
							<locale>
								Type of event.
							</locale>
							<locale xml:lang="ru">
								Тип события (Event.type).
							</locale>
						</description>
					</argument>
				</arguments>
				<description>
					<locale>
						Creates an instance of the <link type="object">AMLEvent</link>.
					</locale>
					<locale xml:lang="ru">
						Создает экземпляр объекта <link type="object">AMLEvent</link>.
					</locale>
				</description>
			</method>
			<!-- DOM-Selectors -->
			<method name="querySelector" type="AMLElement">
				<arguments>
					<argument name="sQuery" type="String" required="true">
						<description>
							<locale>
								CSS query.
							</locale>
						</description>
					</argument>
					<argument name="fResolver" type="Function" required="false">
						<description>
							<locale>
								Resolver function used to resolve namespace prefixes used in query.
							</locale>
						</description>
					</argument>
				</arguments>
				<description>
					<locale>
						Returns <link type="object">AMLElement</link> that matches CSS query.
					</locale>
					<locale xml:lang="ru">
						Возвращает объект <link type="object">AMLElement</link> по заданному CSS запросу.
					</locale>
				</description>
			</method>
			<method name="querySelectorAll" type="AMLNodeList">
				<arguments>
					<argument name="sQuery" type="String" required="true">
						<description>
							<locale>
								CSS query.
							</locale>
						</description>
					</argument>
					<argument name="fResolver" type="Function" required="false">
						<description>
							<locale>
								Resolver function used to resolve namespace prefixes used in query.
							</locale>
						</description>
					</argument>
				</arguments>
				<description>
					<locale>
						Returns <link type="object">AMLNodeList</link> of <link type="object">AMLElement</link> that match CSS query.
					</locale>
					<locale xml:lang="ru">
						Возвращает коллекцию <link type="object">AMLNodeList</link> из объектов <link type="object">AMLElement</link> по заданному запросу в порядке, в котором элементы следуют в документе.
					</locale>
				</description>
			</method>
			<!-- Ample Methods -->
			<method name="open" type="Void">
				<description>
					<locale>
						Opens Ample SDK fragment. This method can only be called while page is loading.
					</locale>
				</description>
			</method>
			<method name="close" type="Void">
				<description>
					<locale>
						Closes Ample SDK fragment. This method can only be called while page is loading.
					</locale>
				</description>
			</method>
			<method name="$instance" type="AMLElement">
				<arguments>
					<argument name="oElement" type="HTMLElement">
						<description>
							DOM HTML element
						</description>
					</argument>
				</arguments>
				<description>
					<locale>
						Finds corresponding to the HTML DOM element in the Ample SDK DOM.
					</locale>
				</description>
			</method>
		</methods>
		<properties>
			<property name="documentElement" type="AMLElement" readonly="true">
				<description>
					<locale>
						Retrieves a reference to the root node of the document.
					</locale>
					<locale xml:lang="ru">
						Возвращает ссылку на корневой узел документа.
					</locale>
				</description>
			</property>
			<property name="implementation" type="AMLImplementation" readonly="true">
				<description>
					<locale>
						The DOMImplementation object that handles this document.
					</locale>
					<locale xml:lang="ru">
						Объект <link type="object">AMLImplementation</link> для документа.
					</locale>
				</description>
			</property>
			<property name="domConfig" type="AMLConfiguration" readonly="true">
				<description>
					<locale>
						The <link type="object">AMLConfiguration</link> associated with this document.
					</locale>
					<locale xml:lang="ru">
						Объект <link type="object">AMLConfiguration</link> для документа.
					</locale>
				</description>
			</property>
			<property name="doctype" type="AMLDocumentType" readonly="true">
				<description>
					<locale>
						The Document Type Declaration associated with this document.
					</locale>
					<locale xml:lang="ru">
						Определение типа документа (DTD - Document Type Definition), ассоциированное с документом.
					</locale>
				</description>
			</property>
			<!--  Ample properties -->
			<property name="readyState" type="String" readonly="true">
				<description>
					<locale>
						Retrieves a value that indicates the current state of the object. Possible values:
						"uninitialized" - Object is not initialized with data,
						"loading" - Object is loading its data,
						"loaded" - Object has finished loading its data,
						"interactive" - User can interact with the object even though it is not fully loaded,
						"complete" - Object is completely initialized.
					</locale>
				</description>
			</property>
			<property name="activeElement" type="AMLElement" readonly="true">
				<description>
					<locale>
						Retrieves a reference to an element in the document that currently has focus.
					</locale>
				</description>
			</property>
			<property name="$model" type="XSModel" readonly="true">
				<description>
					<locale>
						Retrieves a reference to the XML Schema model.
					</locale>
				</description>
			</property>
			<property name="$time" type="SMILTimeContainer" readonly="true">
				<description>
					<locale>
						Retrieves a reference to the SMIL document time container.
					</locale>
				</description>
			</property>
		</properties>
		<events>
			<event name="load" group="Event" cancelable="false" bubbles="false">
				<description>
					<locale>
						Fires immediately after the engine loads the object.
					</locale>
					<locale xml:lang="ru">
						Загорается сразу же после загрузки объекта ядром.
					</locale>
				</description>
			</event>
			<event name="unload" group="Event" cancelable="false" bubbles="false">
				<description>
					<locale>
						Fires immediately before the object is unloaded.
					</locale>
					<locale xml:lang="ru">
						Загорается непосредственно перед тем, как объект будет выгружен.
					</locale>
				</description>
			</event>
			<event name="abort" group="Event" cancelable="false" bubbles="true">
				<description>
					<locale>
						The loading of the document, or a resource linked from it, is stopped before being entirely loaded.
					</locale>
					<locale xml:lang="ru">
						Загрузка документа или ресурса, связанного с ним, была прервана до полной его загрузки.
					</locale>
				</description>
			</event>
			<event name="error" group="Event" cancelable="false" bubbles="true">
				<description>
					<locale>
						A resource failed to load, or has been loaded but cannot be interpreted according to its semantics such as an invalid image, a script execution error, or non-well-formed XML.
					</locale>
					<locale xml:lang="ru">
						Ресурс не бы загружен или был загружен, но не был должным образом обработан вследствие неверной семантики (например, ошибки исполнения скрипта, некорректной структуры XML документа).
					</locale>
				</description>
			</event>
			<event name="resize" group="UIEvent" cancelable="false" bubbles="true">
				<description>
					<locale>
						A document view has been resized.
					</locale>
					<locale xml:lang="ru">
						Произошло изменение размеров документа.
					</locale>
				</description>
			</event>
			<event name="scroll" group="UIEvent" cancelable="false" bubbles="true">
				<description>
					<locale>
						A document view has been scrolled.
					</locale>
					<locale xml:lang="ru">
						Произошла прокрутка документа.
					</locale>
				</description>
			</event>
			<event name="readystatechange" group="Event" cancelable="false" bubble="false">
				<description>
					<locale>
						Fires when the state of the object has changed. You can use the <link type="property">readyState</link> property to query the current state of the element when the <link type="event">readystatechange</link> event fires.
					</locale>
				</description>
			</event>
		</events>
	</members>
</object>