<?xml version="1.0" encoding="utf-8"?>
<?xml-stylesheet type="text/xsl" href="../../../stylesheets/page.xsl"?>
<element name="script" extends="svg11:SVG11Element">
	<abstract>
		<locale>
			The 'script' element allows scripts to be embedded directly within SVG content.
		</locale>
	</abstract>
	<examples />
	<members>
		<attributes>
			<attribute name="type">
				<description>
					<locale>
						This attribute specifies the scripting language of the element's contents.
					</locale>
				</description>
			</attribute>
		</attributes>
	</members>
</element>