<?xml version="1.0" encoding="utf-8"?>
<?xml-stylesheet type="text/xsl" href="../../../stylesheets/page.xsl"?>
<element extends="xul:XULElement" name="broadcasterset">
	<implements />
	<abstract>
		<locale>
			A container element for <link type="element">broadcaster</link> elements.
			The broadcasterset and its descendants are not displayed.
		</locale>
		<locale xml:lang="ru">
			Контейнер для элементов <link type="element">broadcaster</link>.
			Элемент <link type="element">broadcasterset</link> и
			все содержащиеся в нем элементы не отображаются.
		</locale>
	</abstract>
	<remarks />
	<examples />
	<members>
		<attributes />
		<methods />
		<properties />
		<events />
	</members>
</element>