<?xml version="1.0" encoding="utf-8"?>
<?xml-stylesheet type="text/xsl" href="../../../stylesheets/page.xsl"?>
<element extends="xul:XULElement" name="grid">
	<implements />
	<abstract>
		<locale>
			A grid is a layout type that arranges elements in rows and columns.
			The grid is expected to contain both a columns element as a child which defines the structure of the columns and a rows element as child to define the rows.
		</locale>
		<locale xml:lang="ru">
			Элемент <link type="element">grid</link> используется для табличного отображения элементов.
			Дочерними элементами могут быть только элементы <link type="element">rows</link>.
		</locale>
	</abstract>
	<remarks />
	<examples />
	<members>
		<attributes />
		<methods />
		<properties />
		<events />
	</members>
</element>