<?xml version="1.0" encoding="utf-8"?>
<?xml-stylesheet type="text/xsl" href="../../../stylesheets/page.xsl"?>
<element extends="xul:XULElement" name="tab">
	<implements />
	<abstract>
		<locale>
			A single tab which should be placed inside a <link type="element">tabs</link> element.
			The user may click a tab to bring the associated page of the <link type="element">tabbox</link> to the front.
		</locale>
		<locale xml:lang="ru">
			Закладка в элементе <link type="element">tabs</link>.
			Выбирая этот элемент, происходит отображение ассоциированной страницы <link type="element">tabbox</link>.
		</locale>
	</abstract>
	<remarks />
	<examples />
	<members>
		<attributes>
			<attribute name="disabled" default="" readonly="false">
				<description>
					<locale>
						Indicates whether the element is disabled or not.
					</locale>
				</description>
			</attribute>
			<attribute name="selected" default="" readonly="false">
				<description>
					<locale>
						This attribute is set to true if the tab is selected by default.
					</locale>
					<locale xml:lang="ru">
						Атрибут, указывающий, что закладка должна быть выбрана по умолчанию.
					</locale>
				</description>
			</attribute>
			<attribute name="label" default="" readonly="false">
				<description>
					<locale>
						The label that will appear on the element.
						If this is left out, no text appears.
					</locale>
					<locale xml:lang="ru">
						Текст для закладки.
					</locale>
				</description>
			</attribute>
			<attribute name="image" default="" readonly="false">
				<description>
					<locale>
						The URL of the image to appear on the element.
						If this attribute is empty or left out, no image appears.
					</locale>
					<locale xml:lang="ru">
						URL пиктограммы для закладки.
					</locale>
				</description>
			</attribute>
		</attributes>
		<methods />
		<properties />
		<events>
			<event name="command" group="Event" cancelable="false" bubbles="true">
				<description>
					<locale>
						This event is fired when the command is activated.
					</locale>
					<locale xml:lang="ru">
						Загорается при навигации на закладку.
					</locale>
				</description>
			</event>
		</events>
	</members>
</element>