<?xml version="1.0" encoding="utf-8"?>
<?xml-stylesheet type="text/xsl" href="../../../stylesheets/page.xsl"?>
<object name="XULSelectElement" extends="xul:XULElement">
	<abstract>
		<locale>
			Represents base functionality for selection elements.
		</locale>
		<locale xml:lang="ru">
			Реализует функциональность XULMultiSelect
		</locale>
	</abstract>
	<examples/>
	<members>
		<methods>
			<method name="selectAll" type="Void">
				<arguments />
				<description>
					<locale>
						Selects all of the items. A select event is sent after the selection is made.
					</locale>
					<locale xml:lang="ru">
						Выделяет все элементы. После выделения отсылается событие select.
					</locale>
				</description>
			</method>
			<method name="clearSelection" type="Void">
				<arguments />
				<description>
					<locale>
						Deselects all of the items.
						A select event is sent before the items are deselected.
					</locale>
					<locale xml:lang="ru">
						Снимает выделение со всех элементов.
					</locale>
				</description>
			</method>
			<method name="selectItem" type="Void">
				<arguments>
					<argument name="oItem" type="AMLElement" required="true">
						<description>
							<locale>
								Element to be selected.
							</locale>
							<locale xml:lang="ru">
								Элемент, который следует выделить.
							</locale>
						</description>
					</argument>
				</arguments>
				<description>
					<locale>
						Deselects all of the currently selected items and selects the given item.
						A select event is sent after the selection is made.
					</locale>
					<locale xml:lang="ru">
						Снимает выделение со всех элементов и выделяет заданный элемент.
						После выделения отсылается событие <link type="event">select</link>.
					</locale>
				</description>
			</method>
			<method name="toggleItemSelection" type="Void">
				<arguments>
					<argument name="oItem" type="AMLElement" required="true">
						<description>
							<locale>
								Element whose selection state to be inverted.
							</locale>
							<locale xml:lang="ru">
								Элемент, статус которого необходимо инверсировать.
							</locale>
						</description>
					</argument>
				</arguments>
				<description>
					<locale>
						If the specified item is selected, it is deselected.
						If it is not selected, it is selected.
						Other items in the list box that are selected are not affected, and retain their selected state.
					</locale>
					<locale xml:lang="ru">
						Изменяет статус выделения элемента на противоположное:
						если элемент выделен, выделение снимается, если элемент не выделен, он выделяется.
						Выделение всех остальных элементов списка не изменяется.
					</locale>
				</description>
			</method>
			<method name="addItemToSelection" type="Void">
				<arguments>
					<argument name="oItem" type="AMLElement" required="true">
						<description>
							<locale>
								Item to be added.
							</locale>
							<locale xml:lang="ru">
								Элемент, который будет добавлен к выделению.
							</locale>
						</description>
					</argument>
				</arguments>
				<description>
					<locale>
						Selects the given item, without deselecting any other items that are already selected.
					</locale>
					<locale xml:lang="ru">
						Выделяет заданный элемент, не изменяя статус выделения остальных элементов.
					</locale>
				</description>
			</method>
			<method name="removeItemFromSelection" type="Void">
				<arguments>
					<argument name="oItem" type="AMLElement" required="true">
						<description>
							<locale>
								Element to be removed from selection.
							</locale>
							<locale xml:lang="ru">
								Элемент, который будет удален из выделения.
							</locale>
						</description>
					</argument>
				</arguments>
				<description>
					<locale>
						Deselects the specified item without deselecting other items.
					</locale>
					<locale xml:lang="ru">
						Снимает выделение заданного элемента, не изменяя статус выделения остальных элементов.
					</locale>
				</description>
			</method>
			<method name="selectItemRange" type="Void">
				<arguments>
					<argument name="oItemFirst" type="AMLElement" required="true">
						<description>
							<locale>
								First element from range.
							</locale>
							<locale xml:lang="ru">
								Первый элемент из диапазона.
							</locale>
						</description>
					</argument>
					<argument name="oItemLast" type="AMLElement" required="true">
						<description>
							<locale>
								Last element from range.
							</locale>
							<locale xml:lang="ru">
								Последний элемент из диапазона.
							</locale>
						</description>
					</argument>
				</arguments>
				<description>
					<locale>
						Selects the items between the two items given as arguments, including the start and end items.
						All other items are deselected.
						This method does nothing for single-selection list boxes.
						A select event is sent after the selection is made.
					</locale>
					<locale xml:lang="ru">
						Выделяет элементы между двумя заданными включительно.
						Выделение со всех остальных элементов снимается.
						Этот метод не имеет никакого эффекта для списков без множественного выделения.
						После выделения отсылается событие <link type="event">select</link>.
					</locale>
				</description>
			</method>
			<method name="scrollToIndex" type="Void">
				<arguments>
					<argument name="nIndex" type="Number" required="true">
						<description>
							<locale>
								Element index.
							</locale>
							<locale xml:lang="ru">
								Индекс элемента, до которого будет прокручен список.
							</locale>
						</description>
					</argument>
				</arguments>
				<description>
					<locale>
						Scrolls the element to the specified index.
					</locale>
					<locale xml:lang="ru">
						Прокручивает список до элемента с указанным индексом.
					</locale>
				</description>
			</method>
		</methods>
		<properties>
			<property name="currentItem" type="AMLElement" readonly="true">
				<description>
					<locale>
						Returns the last selected item in the list box, which is only useful in a multiple selection list box.
					</locale>
					<locale xml:lang="ru">
						Указывает на последний выделенный элемент.
					</locale>
				</description>
			</property>
			<property name="selectedItems" type="AMLNodeList">
				<description>
					<locale>
						Returns an array of the selected items in the list.
					</locale>
					<locale xml:lang="ru">
						Коллекция выделенных элементов.
					</locale>
				</description>
			</property>
		</properties>
		<attributes>
			<attribute name="seltype" type="String" readonly="false">
				<values>
					<value name="single">
						<description>
							<locale>
								Only one row may be selected at a time.
							</locale>
							<locale xml:lang="ru">
								Можно выделить только одну строку.
							</locale>
						</description>
					</value>
					<value name="multiple">
						<description>
							<locale>
								Multiple rows may be selected at once.
							</locale>
							<locale xml:lang="ru">
								Можно выделить несколько строк.
							</locale>
						</description>
					</value>
				</values>
				<description>
					<locale>
						Used to indicate whether multiple selection is allowed.
					</locale>
					<locale xml:lang="ru">
						Указывает, возможно ли множественное выделение.
					</locale>
				</description>
			</attribute>
		</attributes>
		<events>
			<event name="select" group="Event" cancelable="false" bubbles="true">
				<description>
					<locale>
						Fires when selection changes.
					</locale>
					<locale xml:lang="ru">
						Загорается, когда изменяется выделение.
					</locale>
				</description>
			</event>
		</events>
		<pseudoclasses>
			<pseudoclass name="selected">
				<description>
					<locale>
						Applied to element when it is selected.
					</locale>
				</description>
			</pseudoclass>
		</pseudoclasses>
	</members>
</object>