<?xml version="1.0" encoding="utf-8"?>
<?xml-stylesheet type="text/xsl" href="../../../stylesheets/page.xsl"?>
<element extends="xul:XULElement" name="spacer" type="regular">
	<implements />
	<abstract>
		<locale xml:lang="ru">
			Элемент занимает пространство, но ничего не отображает.
			Как правило, используется для вставки свободных промежутков внутри контейнера.
			Если не указать размеры или атрибут <link type="attribute">flex</link>,
			элемент не займет место в интерфейсе.
		</locale>
	</abstract>
	<remarks />
	<examples />
	<members>
		<attributes />
		<methods />
		<properties />
		<events />
	</members>
</element>