<?xml version="1.0" encoding="utf-8"?>
<?xml-stylesheet type="text/xsl" href="../../../stylesheets/page.xsl"?>
<element extends="xul:XULElement" name="textbox" type="regular">
	<abstract>
		<locale xml:lang="ru">
			Поле для ввода текстовой информации.
			По умолчанию, отображается только одна строка текста.
			Для ввода многострочного текста может быть указан атрибут <link type="attribute">multiline</link> в значении <b>true</b>.
		</locale>
	</abstract>
	<remarks />
	<examples />
	<members>
		<attributes>
			<!-- attribute name="preset" type="String" readonly="false">
				<values>
					<value name="decimal">
						<description>
							Пример: -23.34
						</description>
					</value>
					<value name="Integer">
						<description>
							Пример: 34
						</description>
					</value>
					<value name="email">
						<description>
							Пример: test@test.ws
						</description>
					</value>
					<value name="url">
						<description>

						</description>
					</value>
					<value name="alphabetic">
						<description>
							Пример: myString
						</description>
					</value>
					<value name="time">
						<description>
							Пример: 12:00
						</description>
					</value>
					<value name="date">
						<description>
							Пример: 12/22/2004
						</description>
					</value>
					<value name="color">
						<description>
							Пример: #F0EEB8
						</description>
					</value>
				</values>
				<description>
					Используется механизмом валидации данных. Если указан атрибут <link type="attribute">preset</link>, внешний вид элемента подскажет пользователю, корректно ли введенное им значение.
				</description>
			</attribute-->
			<attribute name="type" default="" readonly="true">
				<values>
					<value name="password">
						<description>
							<locale xml:lang="ru">
								Поле для ввода текста, которое не отображает реально вводимые данные.
								Используется для ввода паролей.
							</locale>
						</description>
					</value>
				</values>
				<description>
					<locale xml:lang="ru">
						Используется для более специфичных полей для ввода текста.
						Не используйте этот атрибут, если хочется использовать стандартной поле для ввода текста.
					</locale>
				</description>
			</attribute>
			<attribute name="multiline" default="false" readonly="true">
				<values>
					<value name="true">
						<description>
							<locale xml:lang="ru">
								Возможно ввести несколько строк текста.
								Нажатие клавиши ENTER начинает новую строку.
							</locale>
						</description>
					</value>
					<value name="false">
						<description>
							<locale xml:lang="ru">
								Возможно введение только одной строки.
							</locale>
						</description>
					</value>
				</values>
				<description>
					<locale xml:lang="ru">
						Указывает на возможность ввода многострочного текста.
					</locale>
				</description>
			</attribute>
			<attribute name="value" default="" readonly="false">
				<description>
					<locale xml:lang="ru">
						Данные, ассоциированные с элементом.
					</locale>
				</description>
			</attribute>
			<attribute name="readOnly" type="String" readonly="false" default="false">
				<values>
					<value name="true">
						<description>
							<locale xml:lang="ru">
								Значение элемента нельзя изменять.
							</locale>
						</description>
					</value>
					<value name="false">
						<description>
							<locale xml:lang="ru">
								Значение элемента изменяемо.
							</locale>
						</description>
					</value>
				</values>
				<description>
					<locale xml:lang="ru">
						Указывает, доступно ли содержимое объекта для редактирования.
					</locale>
				</description>
			</attribute>
			<attribute name="maxlength" default="" readonly="false">
				<description>
					<locale xml:lang="ru">
						Максимально количество символов, доступное для ввода.
					</locale>
				</description>
			</attribute>
			<attribute name="rows" default="" readonly="false">
				<description>
					<locale xml:lang="ru">
						Количество строк элемента. Используется только при атрибуте <link type="attribute">multiline</link> выставленном в значение <b>true</b>.
					</locale>
				</description>
			</attribute>
			<attribute name="cols" default="" readonly="false">
				<description>
					<locale xml:lang="ru">
						Количество столбцов элемента. Используется только при атрибуте <link type="attribute">multiline</link> выставленном в значение <b>true</b>.
					</locale>
				</description>
			</attribute>
			<!-- attribute name="required" default="false" readonly="false">
				<values>
					<value name="true">
						<description>
							Элемент обязателен для заполнения.
						</description>
					</value>
					<value name="false">
						<description>
							Элемент не обязателен для заполнения.
						</description>
					</value>
				</values>
				<description>
					Указывает, обязателен ли элемент для заполнения. Механизм валидации данных проинформирует пользователя, если элемент обязателен для заполнения.
				</description>
			</attribute-->
		</attributes>
		<methods />
		<properties />
		<events />
	</members>
</element>