<?xml version="1.0" encoding="utf-8"?>
<?xml-stylesheet type="text/xsl" href="../../../stylesheets/page.xsl"?>
<element extends="xul:XULElement" name="toolbarseparator" type="regular">
	<implements />
	<abstract>
		<locale xml:lang="ru">
			Разделитель для элемента <link type="element">toolbar</link>,
			который разделяет группы элементов <link type="element">toolbarbutton</link>.
		</locale>
	</abstract>
	<remarks />
	<examples />
	<members>
		<attributes />
		<methods />
		<properties />
		<events />
	</members>
</element>