<?xml version="1.0" encoding="utf-8"?>
<?xml-stylesheet type="text/xsl" href="../../../stylesheets/page.xsl"?>
<element extends="xul:XULElement" name="colorpicker">
	<abstract>
		<locale>
			An element rendered as a textbox and a button beside.
			A palette of colors from which a user may select by clicking on one of the grid cells.
		</locale>
		<locale xml:lang="ru">
			Элемент отображается как <link type="element">textbox</link> с расположенным рядом
			элементом <link type="element">button</link>.
			При нажатии на кнопку, появляется элемент <link type="element">popup</link> с палитрой цветов,
			доступных для выбора.
		</locale>
	</abstract>
	<remarks />
	<examples />
	<members>
		<attributes>
			<attribute name="disabled">
				<description>
					<locale>
						Indicates whether the element is disabled or not.
					</locale>
				</description>
			</attribute>
			<attribute name="color">
				<description>
					<locale>
						Not implemented yet (use <link type="attribute">value</link>)!
						The currently selected color.
						This is modified when the user selects a color.
						You can assign a string of the form #RRGGBB to this property to change the selected color.
					</locale>
				</description>
			</attribute>
			<attribute name="value" default="" readonly="false">
				<description>
					<locale>
						The string attribute allows you to associate a data value with an element.
					</locale>
					<locale xml:lang="ru">
						Данные, ассоциированные с элементом.
					</locale>
				</description>
			</attribute>
		</attributes>
		<methods />
		<properties />
		<events>
			<event name="change" group="Event" cancelable="false" bubbles="true">
				<description>
					<locale>
						Fires when user selects a new date.
					</locale>
					<locale xml:lang="ru">
						Загорается при изменении значения компонента.
					</locale>
				</description>
			</event>
		</events>
	</members>
</element>