<?xml version="1.0" encoding="utf-8"?>
<?xml-stylesheet type="text/xsl" href="../../../stylesheets/page.xsl"?>
<element extends="xul:XULElement" name="image">
	<implements />
	<abstract>
		<locale>
			An element that displays an image, much like the HTML img element. The <link type="attribute">src</link> attribute can be used to specify the URL of the image.
		</locale>
		<locale xml:lang="ru">
			Аналогичен элементу <b>image</b> в HTML.
			Атрибут <link type="attribute">src</link> используется для указания URL для картинки.
		</locale>
	</abstract>
	<remarks />
	<examples />
	<members>
		<attributes>
			<attribute name="src" default="" readonly="false">
				<description>
					<locale>
						The URL of the content to appear in the element.
					</locale>
					<locale xml:lang="ru">
						URL картинки для отображения.
						Если не указать, изображение не будет отображено.
					</locale>
				</description>
			</attribute>
		</attributes>
		<methods />
		<properties />
		<events>
			<event name="load" group="Event" cancelable="false" bubbles="false">
				<description>
					<locale>
						This event handler will be called on the <link type="element">image</link> element when the image has finished loading.
					</locale>
					<locale xml:lang="ru">
						Загорается по завершении загрузки картинки.
						Если изменить атрибут <link type="attribute">src</link>,
						событие произойдет когда загрузится новая картика.
					</locale>
				</description>
			</event>
			<event name="error" group="Event" cancelable="false" bubbles="false">
				<description>
					<locale>
						This event is sent to an <link type="element">image</link> element when an error occurs loading the image.
					</locale>
					<locale xml:lang="ru">
						Загорается при ошибке загрузки картинки.
					</locale>
				</description>
			</event>
		</events>
	</members>
</element>