<?xml version="1.0" encoding="utf-8"?>
<?xml-stylesheet type="text/xsl" href="../../../stylesheets/page.xsl"?>
<element extends="xul:XULElement" name="popupset">
	<implements />
	<abstract>
		<locale>
			A container for <link type="element">menupopup</link>, <link type="element">panel</link> and <link type="element">tooltip</link> elements.
		</locale>
		<locale xml:lang="ru">
			Контейнер для элементов <link type="element">menupopup</link>, <link type="element">panel</link> и <link type="element">tooltip</link>.
			Все всплывающие элементы должны быть объявлены в нем. Этот элемент не отображается.
		</locale>
	</abstract>
	<remarks />
	<examples />
	<members>
		<attributes />
		<methods />
		<properties />
		<events />
	</members>
</element>