<?xml version="1.0" encoding="utf-8"?>
<?xml-stylesheet type="text/xsl" href="../../../stylesheets/page.xsl"?>
<element extends="xul:XULElement" name="stack">
	<implements />
	<abstract>
		<locale>
			An element that renders its children on top of each other.
			The first element is placed on the bottom and each successive child is placed above the previous.
			All elements are displayed at once.
			Child elements may also be placed at absolute positions within the stack.
		</locale>
		<locale xml:lang="ru">
			Элемент, который отображает свои дочерние элементы друг над другом.
			Первый дочерний элемент помещается в самый низ, а каждый последующий помещается над предыдущим.
			Все дочерние элементы отображаются одновременно.
		</locale>
	</abstract>
	<remarks />
	<examples />
	<members>
		<attributes />
		<methods />
		<properties />
		<events />
	</members>
</element>