<?xml version="1.0" encoding="utf-8"?>
<?xml-stylesheet type="text/xsl" href="../../../stylesheets/page.xsl"?>
<element extends="xul:XULElement" name="treecols">
	<implements />
	<abstract>
		<locale>
			A group of <link type="element">treecol</link> elements. There should one and only one <link type="element">treecols</link> element in a <link type="element">tree</link>.
		</locale>
		<locale xml:lang="ru">
			Группа элементов <link type="element">treecol</link>.
			Допускается использование только одного элемента <link type="element">treecols</link> в дереве.
		</locale>
	</abstract>
	<remarks />
	<examples />
	<members>
		<attributes />
		<methods />
		<properties>
			<property name="items" type="AMLNodeList" readonly="true">
				<description>
					<locale>
						Contains a collection of <link type="element">treecol</link> child elements.
					</locale>
					<locale xml:lang="ru">
						Коллекция элементов <link type="element">treecol</link>.
					</locale>
				</description>
			</property>
		</properties>
		<events />
	</members>
</element>