<?xml version="1.0" encoding="utf-8"?>
<?xml-stylesheet type="text/xsl" href="../../../stylesheets/page.xsl"?>
<element extends="xul:XULElement" name="window">
	<implements />
	<abstract>
		<locale>
			Describes the structure of a top-level window.
			It is by default a horizontally oriented <link type="element">box</link>.
			As it is a box, all box attributes can be used.
			By default, the <link type="element">window</link> will have a platform-specific frame around it.
		</locale>
		<locale xml:lang="ru">
			Описывает структуру окна верхнего уровня.
			По умолчанию этот элемент является контейнером с горизонтальной ориентацией.
			Поскольку <link type="element">window</link> является <link type="element">box</link>, моно использовать
			атрибуты элемента <link type="element">box</link>.
		</locale>
	</abstract>
	<remarks />
	<examples />
	<members>
		<attributes>
			<attribute name="title" readonly="false">
				<description>
					<locale>
						The text to appear in the title bar of the window.
					</locale>
					<locale xml:lang="ru">
						Текст заголовка окна.
					</locale>
				</description>
			</attribute>
			<attribute name="hidechrome">
				<description>
					<locale>
						Set this attribute to true to have the chrome including the titlebar hidden.
					</locale>
				</description>
			</attribute>
		</attributes>
		<methods />
		<properties />
		<events>
			<event name="load" group="Event" cancelable="false" bubbles="false">
				<description>
					<locale>
						Fires after element is loaded.
					</locale>
					<locale xml:lang="ru">
						Заграется сразу после того, как ядро загрузит объект.
					</locale>
				</description>
			</event>
			<event name="unload" group="Event" cancelable="false" bubbles="false">
				<description>
					<locale>
						Fires before element is unloaded.
					</locale>
					<locale xml:lang="ru">
						Загорается непосредственно перед тем, как объект будет выгружен.
					</locale>
				</description>
			</event>
		</events>
	</members>
</element>