<?xml version="1.0" encoding="utf-8"?>
<?xml-stylesheet type="text/xsl" href="../../../stylesheets/page.xsl"?>
<element extends="aml:AMLElement" name="timer">
	<implements />
	<abstract>
		<locale>
			Creates a timer.
		</locale>
		<locale xml:lang="ru">
			Элемент <link type="element">timer</link> предназначен для установки таймеров.
		</locale>
	</abstract>
	<remarks />
	<examples />
	<members>
		<attributes>
			<attribute name="timeout" readonly="true">
				<description>
					<locale xml:lang="ru">
						Задает время ожидания в миллисекундах.
					</locale>
				</description>
			</attribute>
			<attribute name="interval" readonly="true">
				<description>
					<locale xml:lang="ru">
						Задает интервал таймера в миллисекундах.
					</locale>
				</description>
			</attribute>
			<attribute name="autostart" readonly="true" default="false">
				<values>
					<value name="true">
						<description>
							<locale xml:lang="ru">
								Таймер будет запущен автоматически после инициализации.
							</locale>
						</description>
					</value>
					<value name="false">
						<description>
							<locale xml:lang="ru">
								Таймер не будет запущен автоматически после инициализации.
							</locale>
						</description>
					</value>
				</values>
				<description>
					<locale xml:lang="ru">
						Указывает, будет ли таймер запущен автоматически после инициализации.
					</locale>
				</description>
			</attribute>
		</attributes>
		<methods>
			<method name="start" type="Void">
				<arguments />
				<description>
					<locale xml:lang="ru">
						Запускает таймер.
					</locale>
				</description>
			</method>
			<method name="stop" type="Void">
				<arguments />
				<description>
					<locale xml:lang="ru">
						Останавливает таймер.
					</locale>
				</description>
			</method>
		</methods>
		<properties />
		<events>
			<event name="interval" group="Event" cancelable="false" bubbles="false">
				<description>
					<locale xml:lang="ru">
						Загорается с периодичностью интервала.
					</locale>
				</description>
			</event>
			<event name="timeout" group="Event" cancelable="false" bubbles="false">
				<description>
					<locale xml:lang="ru">
						Загорается, по истечении времени ожидания.
					</locale>
				</description>
			</event>
		</events>
	</members>
</element>