<?xml version="1.0" encoding="utf-8"?>
<?xml-stylesheet type="text/xsl" href="../../../stylesheets/page.xsl"?>
<element name="text" extends="svg11:SVG11Element">
	<abstract>
		<locale>
			The 'textPath' element is used to indicate that a block of text is to be rendered along the shape of a 'path'.
		</locale>
	</abstract>
	<examples />
	<members>
		<attributes>
			<attribute name="xlink:href">
				<description>
					<locale>
						A URI reference to the 'path' element onto which the glyphs will be rendered.
					</locale>
				</description>
			</attribute>
		</attributes>
	</members>
</element>