<?xml version="1.0" encoding="utf-8"?>
<?xml-stylesheet type="text/xsl" href="../../../stylesheets/page.xsl"?>
<object name="XULDocument" extends="runtime:AMLDocument">
	<abstract>
		<locale xml:lang="ru">
			Является документом XUL в окне браузера.
		</locale>
	</abstract>
	<remarks />
	<examples/>
	<members>
		<methods>
			<method name="loadOverlay" type="Void">
				<arguments>
					<argument name="sUrl" type="String">
						<description>
							<locale xml:lang="ru">
								URL ресурса для загрузки
							</locale>
						</description>
					</argument>
				</arguments>
				<description>
					<locale xml:lang="ru">
						Загружает ресурс с фрагментом XUL, склеивает его с текущим документом, а по завершении склеивания передает событие обсерверу.
					</locale>
				</description>
			</method>
			<method name="addBroadcastListenerFor" type="Void">
				<arguments>
					<argument name="oBroadcaster" type="AMLElement">
						<description>
						</description>
					</argument>
					<argument name="oObserver" type="AMLElement">
						<description>
							<locale xml:lang="ru">
								Обсервер.
							</locale>
						</description>
					</argument>
					<argument name="sAttribute" type="String">
						<description>
							<locale xml:lang="ru">
								Атрибут, для которого регистрируется обсервер.
							</locale>
						</description>
					</argument>
				</arguments>
				<description>
					<locale xml:lang="ru">
						Регистрирует обсервер для атрибута.
					</locale>
				</description>
			</method>
			<method name="removeBroadcastListenerFor" type="Void">
				<arguments>
					<argument name="oBroadcaster" type="AMLElement">
						<description>
						</description>
					</argument>
					<argument name="oObserver" type="AMLElement">
						<description>
							<locale xml:lang="ru">
								Обсервер.
							</locale>
						</description>
					</argument>
					<argument name="sAttribute" type="String">
						<description>
							<locale xml:lang="ru">
								Атрибут, для которого был зарегистрирован обсервер.
							</locale>
						</description>
					</argument>
				</arguments>
				<description>
					<locale xml:lang="ru">
						Убирает ранее зарегистрированый обсервер для атрибута.
					</locale>
				</description>
			</method>
		</methods>
		<properties>
			<property name="popupNode" readonly="true" type="AMLElement">
				<description>
					<locale xml:lang="ru">
						Ссылка на отображаемый в настоящее время элемент, реализующий интерфейс <link type="interface">iXULPopup</link>.
					</locale>
				</description>
			</property>
			<property name="tooltipNode" readonly="true" type="AMLElement">
				<description>
					<locale xml:lang="ru">
						Ссылка отображаемую в настоящий момент всплывающую подсказку.
					</locale>
				</description>
			</property>
			<property name="commandDispatcher" readonly="true" type="XULCommandDispatcher">
				<description>
					<locale xml:lang="ru">
						Возвращает объект CommandDispatcher.
					</locale>
				</description>
			</property>
		</properties>
	</members>
</object>