<?xml version="1.0" encoding="UTF-8"?>
<index>
<entry title="Solution Architecture" href="ample/overview/architecture.xml"/>
<entry title="Solution Architecture" href="ample/overview/architecture.xml"/>
<entry title="Getting Started" href="ample/tutorials/gettingstarted.xml"/>
<entry title="Downloading Ample SDK" href="ample/tutorials/gettingstarted.xml"/>
<entry title="Setting up Development Environment" href="ample/tutorials/gettingstarted.xml"/>
<entry title="Deploying Ample SDK" href="ample/tutorials/gettingstarted.xml"/>
<entry title="Running &quot;Hello World!&quot; application" href="ample/tutorials/gettingstarted.xml"/>
<entry title="Hello, World!" href="ample/tutorials/helloworld.xml"/>
<entry title="Hello World!" href="ample/tutorials/helloworld.xml"/>
<entry title="Comments" href="ample/tutorials/helloworld.xml"/>
<entry title="Part I - Building the User Interface" href="ample/tutorials/develop_layout.xml"/>
<entry title="Introduction to markup-based UI Layout" href="ample/tutorials/develop_layout.xml"/>
<entry title="Embedding XML UI into a web page" href="ample/tutorials/develop_layout.xml"/>
<entry title="Using XML for laying out UI declaratively" href="ample/tutorials/develop_layout.xml"/>
<entry title="Using DOM-Core for building UI dynamically" href="ample/tutorials/develop_layout.xml"/>
<entry title="Using XInclude 1.0 to merge XML documents" href="ample/tutorials/develop_layout.xml"/>
<entry title="Part II - Styling Application" href="ample/tutorials/develop_style.xml"/>
<entry title="Introduction to CSS" href="ample/tutorials/develop_style.xml"/>
<entry title="Embedding CSS stylesheets into a web page" href="ample/tutorials/develop_style.xml"/>
<entry title="Using CSS for styling UI" href="ample/tutorials/develop_style.xml"/>
<entry title="Part III - Writing Application Logic" href="ample/tutorials/develop_logic.xml"/>
<entry title="Introduction to programming model" href="ample/tutorials/develop_logic.xml"/>
<entry title="Embedding JavaScript View Logic into a web page" href="ample/tutorials/develop_logic.xml"/>
<entry title="Implementing View Logic" href="ample/tutorials/develop_logic.xml"/>
<entry title="Using UI Managers for common UI tasks" href="ample/tutorials/develop_logic.xml"/>
<entry title="Using SMIL 3 for Animations" href="ample/tutorials/develop_logic.xml"/>
<entry title="Using XSLTProcessor" href="ample/tutorials/develop_logic.xml"/>
<entry title="Part I - Creating custom Markup Language" href="ample/tutorials/create_language.xml"/>
<entry title="Defining a Language" href="ample/tutorials/create_language.xml"/>
<entry title="Registering Language implementation with Ample SDK Framework" href="ample/tutorials/create_language.xml"/>
<entry title="Defining an Element Component" href="ample/tutorials/create_language.xml"/>
<entry title="Registering Element Component with Language implementation" href="ample/tutorials/create_language.xml"/>
<entry title="Putting all together and seeing the result" href="ample/tutorials/create_language.xml"/>
<entry title="Part II - Creating custom Component" href="ample/tutorials/create_component.xml"/>
<entry title="Defining constructor" href="ample/tutorials/create_component.xml"/>
<entry title="Defining presentation" href="ample/tutorials/create_component.xml"/>
<entry title="Defining attributes default values" href="ample/tutorials/create_component.xml"/>
<entry title="Defining properties/methods" href="ample/tutorials/create_component.xml"/>
<entry title="Dispatching events" href="ample/tutorials/create_component.xml"/>
<entry title="Implementing events default actions" href="ample/tutorials/create_component.xml"/>
<entry title="Styling component" href="ample/tutorials/create_component.xml"/>
<entry title="AMLAttr" href="ample/runtime/AMLAttr.xml"/>
<entry title="ownerElement" href="ample/runtime/AMLAttr.xml#property-ownerElement"/>
<entry title="specified" href="ample/runtime/AMLAttr.xml#property-specified"/>
<entry title="name" href="ample/runtime/AMLAttr.xml#property-name"/>
<entry title="value" href="ample/runtime/AMLAttr.xml#property-value"/>
<entry title="AMLCDATASection" href="ample/runtime/AMLCDATASection.xml"/>
<entry title="AMLCharacterData" href="ample/runtime/AMLCharacterData.xml"/>
<entry title="appendData" href="ample/runtime/AMLCharacterData.xml#method-appendData"/>
<entry title="deleteData" href="ample/runtime/AMLCharacterData.xml#method-deleteData"/>
<entry title="insertData" href="ample/runtime/AMLCharacterData.xml#method-insertData"/>
<entry title="replaceData" href="ample/runtime/AMLCharacterData.xml#method-replaceData"/>
<entry title="substringData" href="ample/runtime/AMLCharacterData.xml#method-substringData"/>
<entry title="data" href="ample/runtime/AMLCharacterData.xml#property-data"/>
<entry title="length" href="ample/runtime/AMLCharacterData.xml#property-length"/>
<entry title="DOMCharacterDataModified" href="ample/runtime/AMLCharacterData.xml#event-DOMCharacterDataModified"/>
<entry title="AMLComment" href="ample/runtime/AMLComment.xml"/>
<entry title="AMLConfiguration" href="ample/runtime/AMLConfiguration.xml"/>
<entry title="parameterNames" href="ample/runtime/AMLConfiguration.xml#property-parameterNames"/>
<entry title="canSetParameter" href="ample/runtime/AMLConfiguration.xml#method-canSetParameter"/>
<entry title="setParameter" href="ample/runtime/AMLConfiguration.xml#method-setParameter"/>
<entry title="getParameter" href="ample/runtime/AMLConfiguration.xml#method-getParameter"/>
<entry title="setNamespace" href="ample/runtime/AMLConfiguration.xml#method-setNamespace"/>
<entry title="getNamespace" href="ample/runtime/AMLConfiguration.xml#method-getNamespace"/>
<entry title="AMLDocument" href="ample/runtime/AMLDocument.xml"/>
<entry title="createElement" href="ample/runtime/AMLDocument.xml#method-createElement"/>
<entry title="createElementNS" href="ample/runtime/AMLDocument.xml#method-createElementNS"/>
<entry title="createDocumentFragment" href="ample/runtime/AMLDocument.xml#method-createDocumentFragment"/>
<entry title="createTextNode" href="ample/runtime/AMLDocument.xml#method-createTextNode"/>
<entry title="createComment" href="ample/runtime/AMLDocument.xml#method-createComment"/>
<entry title="createCDATASection" href="ample/runtime/AMLDocument.xml#method-createCDATASection"/>
<entry title="createProcessingInstruction" href="ample/runtime/AMLDocument.xml#method-createProcessingInstruction"/>
<entry title="createAttribute" href="ample/runtime/AMLDocument.xml#method-createAttribute"/>
<entry title="createAttributeNS" href="ample/runtime/AMLDocument.xml#method-createAttributeNS"/>
<entry title="createEntityReference" href="ample/runtime/AMLDocument.xml#method-createEntityReference"/>
<entry title="getElementById" href="ample/runtime/AMLDocument.xml#method-getElementById"/>
<entry title="getElementsByTagName" href="ample/runtime/AMLDocument.xml#method-getElementsByTagName"/>
<entry title="getElementsByTagNameNS" href="ample/runtime/AMLDocument.xml#method-getElementsByTagNameNS"/>
<entry title="importNode" href="ample/runtime/AMLDocument.xml#method-importNode"/>
<entry title="createEvent" href="ample/runtime/AMLDocument.xml#method-createEvent"/>
<entry title="querySelector" href="ample/runtime/AMLDocument.xml#method-querySelector"/>
<entry title="querySelectorAll" href="ample/runtime/AMLDocument.xml#method-querySelectorAll"/>
<entry title="$getElementPosition" href="ample/runtime/AMLDocument.xml#method-$getElementPosition"/>
<entry title="open" href="ample/runtime/AMLDocument.xml#method-open"/>
<entry title="close" href="ample/runtime/AMLDocument.xml#method-close"/>
<entry title="documentElement" href="ample/runtime/AMLDocument.xml#property-documentElement"/>
<entry title="implementation" href="ample/runtime/AMLDocument.xml#property-implementation"/>
<entry title="domConfig" href="ample/runtime/AMLDocument.xml#property-domConfig"/>
<entry title="doctype" href="ample/runtime/AMLDocument.xml#property-doctype"/>
<entry title="activeElement" href="ample/runtime/AMLDocument.xml#property-activeElement"/>
<entry title="$model" href="ample/runtime/AMLDocument.xml#property-$model"/>
<entry title="load" href="ample/runtime/AMLDocument.xml#event-load"/>
<entry title="unload" href="ample/runtime/AMLDocument.xml#event-unload"/>
<entry title="abort" href="ample/runtime/AMLDocument.xml#event-abort"/>
<entry title="error" href="ample/runtime/AMLDocument.xml#event-error"/>
<entry title="resize" href="ample/runtime/AMLDocument.xml#event-resize"/>
<entry title="scroll" href="ample/runtime/AMLDocument.xml#event-scroll"/>
<entry title="readystatechange" href="ample/runtime/AMLDocument.xml#event-readystatechange"/>
<entry title="AMLDocumentFragment" href="ample/runtime/AMLDocumentFragment.xml"/>
<entry title="AMLElement" href="ample/runtime/AMLElement.xml"/>
<entry title="id" href="ample/runtime/AMLElement.xml#attribute-id"/>
<entry title="on***" href="ample/runtime/AMLElement.xml#attribute-on***"/>
<entry title="xml:base" href="ample/runtime/AMLElement.xml#attribute-xml:base"/>
<entry title="xml:space" href="ample/runtime/AMLElement.xml#attribute-xml:space"/>
<entry title="getAttribute" href="ample/runtime/AMLElement.xml#method-getAttribute"/>
<entry title="getAttributeNS" href="ample/runtime/AMLElement.xml#method-getAttributeNS"/>
<entry title="setAttribute" href="ample/runtime/AMLElement.xml#method-setAttribute"/>
<entry title="setAttributeNS" href="ample/runtime/AMLElement.xml#method-setAttributeNS"/>
<entry title="getElementsByTagName" href="ample/runtime/AMLElement.xml#method-getElementsByTagName"/>
<entry title="getElementsByTagNameNS" href="ample/runtime/AMLElement.xml#method-getElementsByTagNameNS"/>
<entry title="hasAttribute" href="ample/runtime/AMLElement.xml#method-hasAttribute"/>
<entry title="hasAttributeNS" href="ample/runtime/AMLElement.xml#method-hasAttributeNS"/>
<entry title="removeAttribute" href="ample/runtime/AMLElement.xml#method-removeAttribute"/>
<entry title="removeAttributeNS" href="ample/runtime/AMLElement.xml#method-removeAttributeNS"/>
<entry title="querySelector" href="ample/runtime/AMLElement.xml#method-querySelector"/>
<entry title="querySelectorAll" href="ample/runtime/AMLElement.xml#method-querySelectorAll"/>
<entry title="$activate" href="ample/runtime/AMLElement.xml#method-$activate"/>
<entry title="$getContainer" href="ample/runtime/AMLElement.xml#method-$getContainer"/>
<entry title="$setPseudoClass" href="ample/runtime/AMLElement.xml#method-$setPseudoClass"/>
<entry title="tagName" href="ample/runtime/AMLElement.xml#property-tagName"/>
<entry title="style" href="ample/runtime/AMLElement.xml#property-style"/>
<entry title="DOMActivate" href="ample/runtime/AMLElement.xml#event-DOMActivate"/>
<entry title="click" href="ample/runtime/AMLElement.xml#event-click"/>
<entry title="dblclick" href="ample/runtime/AMLElement.xml#event-dblclick"/>
<entry title="mouseup" href="ample/runtime/AMLElement.xml#event-mouseup"/>
<entry title="mousedown" href="ample/runtime/AMLElement.xml#event-mousedown"/>
<entry title="mouseover" href="ample/runtime/AMLElement.xml#event-mouseover"/>
<entry title="mouseout" href="ample/runtime/AMLElement.xml#event-mouseout"/>
<entry title="mousemove" href="ample/runtime/AMLElement.xml#event-mousemove"/>
<entry title="mousewheel" href="ample/runtime/AMLElement.xml#event-mousewheel"/>
<entry title="keyup" href="ample/runtime/AMLElement.xml#event-keyup"/>
<entry title="keydown" href="ample/runtime/AMLElement.xml#event-keydown"/>
<entry title="textInput" href="ample/runtime/AMLElement.xml#event-textInput"/>
<entry title="DOMAttrModified" href="ample/runtime/AMLElement.xml#event-DOMAttrModified"/>
<entry title="AMLCharacterData" href="ample/runtime/AMLEntityReference.xml"/>
<entry title="AMLError" href="ample/runtime/AMLError.xml"/>
<entry title="severity" href="ample/runtime/AMLError.xml#property-severity"/>
<entry title="message" href="ample/runtime/AMLError.xml#property-message"/>
<entry title="type" href="ample/runtime/AMLError.xml#property-type"/>
<entry title="relatedException" href="ample/runtime/AMLError.xml#property-relatedException"/>
<entry title="relatedData" href="ample/runtime/AMLError.xml#property-relatedData"/>
<entry title="location" href="ample/runtime/AMLError.xml#property-location"/>
<entry title="SEVERITY_WARNING" href="ample/runtime/AMLError.xml#constant-SEVERITY_WARNING"/>
<entry title="SEVERITY_ERROR" href="ample/runtime/AMLError.xml#constant-SEVERITY_ERROR"/>
<entry title="SEVERITY_FATAL_ERROR" href="ample/runtime/AMLError.xml#constant-SEVERITY_FATAL_ERROR"/>
<entry title="AMLException" href="ample/runtime/AMLException.xml"/>
<entry title="code" href="ample/runtime/AMLException.xml#property-code"/>
<entry title="message" href="ample/runtime/AMLException.xml#property-message"/>
<entry title="INDEX_SIZE_ERR" href="ample/runtime/AMLException.xml#constant-INDEX_SIZE_ERR"/>
<entry title="DOMSTRING_SIZE_ERR" href="ample/runtime/AMLException.xml#constant-DOMSTRING_SIZE_ERR"/>
<entry title="HIERARCHY_REQUEST_ERR" href="ample/runtime/AMLException.xml#constant-HIERARCHY_REQUEST_ERR"/>
<entry title="WRONG_DOCUMENT_ERR" href="ample/runtime/AMLException.xml#constant-WRONG_DOCUMENT_ERR"/>
<entry title="INVALID_CHARACTER_ERR" href="ample/runtime/AMLException.xml#constant-INVALID_CHARACTER_ERR"/>
<entry title="NO_DATA_ALLOWED_ERR" href="ample/runtime/AMLException.xml#constant-NO_DATA_ALLOWED_ERR"/>
<entry title="NO_MODIFICATION_ALLOWED_ERR" href="ample/runtime/AMLException.xml#constant-NO_MODIFICATION_ALLOWED_ERR"/>
<entry title="NOT_FOUND_ERR" href="ample/runtime/AMLException.xml#constant-NOT_FOUND_ERR"/>
<entry title="NOT_SUPPORTED_ERR" href="ample/runtime/AMLException.xml#constant-NOT_SUPPORTED_ERR"/>
<entry title="INUSE_ATTRIBUTE_ERR" href="ample/runtime/AMLException.xml#constant-INUSE_ATTRIBUTE_ERR"/>
<entry title="INVALID_STATE_ERR" href="ample/runtime/AMLException.xml#constant-INVALID_STATE_ERR"/>
<entry title="SYNTAX_ERR" href="ample/runtime/AMLException.xml#constant-SYNTAX_ERR"/>
<entry title="INVALID_MODIFICATION_ERR" href="ample/runtime/AMLException.xml#constant-INVALID_MODIFICATION_ERR"/>
<entry title="NAMESPACE_ERR" href="ample/runtime/AMLException.xml#constant-NAMESPACE_ERR"/>
<entry title="INVALID_ACCESS_ERR" href="ample/runtime/AMLException.xml#constant-INVALID_ACCESS_ERR"/>
<entry title="VALIDATION_ERR" href="ample/runtime/AMLException.xml#constant-VALIDATION_ERR"/>
<entry title="TYPE_MISMATCH_ERR" href="ample/runtime/AMLException.xml#constant-TYPE_MISMATCH_ERR"/>
<entry title="AML_ARGUMENT_MISSING_ERR" href="ample/runtime/AMLException.xml#constant-AML_ARGUMENT_MISSING_ERR"/>
<entry title="AML_ARGUMENT_WRONG_TYPE_ERR" href="ample/runtime/AMLException.xml#constant-AML_ARGUMENT_WRONG_TYPE_ERR"/>
<entry title="AML_SELECTOR_ELEMENT_ERR" href="ample/runtime/AMLException.xml#constant-AML_SELECTOR_ELEMENT_ERR"/>
<entry title="AML_SELECTOR_ATTRIBUTE_ERR" href="ample/runtime/AMLException.xml#constant-AML_SELECTOR_ATTRIBUTE_ERR"/>
<entry title="AML_NOT_INITIALIZED_ERR" href="ample/runtime/AMLException.xml#constant-AML_NOT_INITIALIZED_ERR"/>
<entry title="AMLNode" href="ample/runtime/AMLNode.xml"/>
<entry title="appendChild" href="ample/runtime/AMLNode.xml#method-appendChild"/>
<entry title="insertBefore" href="ample/runtime/AMLNode.xml#method-insertBefore"/>
<entry title="removeChild" href="ample/runtime/AMLNode.xml#method-removeChild"/>
<entry title="replaceChild" href="ample/runtime/AMLNode.xml#method-replaceChild"/>
<entry title="hasAttributes" href="ample/runtime/AMLNode.xml#method-hasAttributes"/>
<entry title="hasChildNodes" href="ample/runtime/AMLNode.xml#method-hasChildNodes"/>
<entry title="cloneNode" href="ample/runtime/AMLNode.xml#method-cloneNode"/>
<entry title="lookupPrefix" href="ample/runtime/AMLNode.xml#method-lookupPrefix"/>
<entry title="lookupNamespaceURI" href="ample/runtime/AMLNode.xml#method-lookupNamespaceURI"/>
<entry title="isDefaultNamespace" href="ample/runtime/AMLNode.xml#method-isDefaultNamespace"/>
<entry title="normalize" href="ample/runtime/AMLNode.xml#method-normalize"/>
<entry title="dispatchEvent" href="ample/runtime/AMLNode.xml#method-dispatchEvent"/>
<entry title="addEventListener" href="ample/runtime/AMLNode.xml#method-addEventListener"/>
<entry title="removeEventListener" href="ample/runtime/AMLNode.xml#method-removeEventListener"/>
<entry title="canDispatch" href="ample/runtime/AMLNode.xml#method-canDispatch"/>
<entry title="compareDocumentPosition" href="ample/runtime/AMLNode.xml#method-compareDocumentPosition"/>
<entry title="parentNode" href="ample/runtime/AMLNode.xml#property-parentNode"/>
<entry title="firstChild" href="ample/runtime/AMLNode.xml#property-firstChild"/>
<entry title="lastChild" href="ample/runtime/AMLNode.xml#property-lastChild"/>
<entry title="nextSibling" href="ample/runtime/AMLNode.xml#property-nextSibling"/>
<entry title="previousSibling" href="ample/runtime/AMLNode.xml#property-previousSibling"/>
<entry title="nodeName" href="ample/runtime/AMLNode.xml#property-nodeName"/>
<entry title="nodeType" href="ample/runtime/AMLNode.xml#property-nodeType"/>
<entry title="nodeValue" href="ample/runtime/AMLNode.xml#property-nodeValue"/>
<entry title="localName" href="ample/runtime/AMLNode.xml#property-localName"/>
<entry title="prefix" href="ample/runtime/AMLNode.xml#property-prefix"/>
<entry title="namespaceURI" href="ample/runtime/AMLNode.xml#property-namespaceURI"/>
<entry title="baseURI" href="ample/runtime/AMLNode.xml#property-baseURI"/>
<entry title="ownerDocument" href="ample/runtime/AMLNode.xml#property-ownerDocument"/>
<entry title="attributes" href="ample/runtime/AMLNode.xml#property-attributes"/>
<entry title="childNodes" href="ample/runtime/AMLNode.xml#property-childNodes"/>
<entry title="ELEMENT_NODE" href="ample/runtime/AMLNode.xml#constant-ELEMENT_NODE"/>
<entry title="ATTRIBUTE_NODE" href="ample/runtime/AMLNode.xml#constant-ATTRIBUTE_NODE"/>
<entry title="TEXT_NODE" href="ample/runtime/AMLNode.xml#constant-TEXT_NODE"/>
<entry title="CDATA_SECTION_NODE" href="ample/runtime/AMLNode.xml#constant-CDATA_SECTION_NODE"/>
<entry title="ENTITY_REFERENCE_NODE" href="ample/runtime/AMLNode.xml#constant-ENTITY_REFERENCE_NODE"/>
<entry title="ENTITY_NODE" href="ample/runtime/AMLNode.xml#constant-ENTITY_NODE"/>
<entry title="PROCESSING_INSTRUCTION_NODE" href="ample/runtime/AMLNode.xml#constant-PROCESSING_INSTRUCTION_NODE"/>
<entry title="COMMENT_NODE" href="ample/runtime/AMLNode.xml#constant-COMMENT_NODE"/>
<entry title="DOCUMENT_NODE" href="ample/runtime/AMLNode.xml#constant-DOCUMENT_NODE"/>
<entry title="DOCUMENT_TYPE_NODE" href="ample/runtime/AMLNode.xml#constant-DOCUMENT_TYPE_NODE"/>
<entry title="DOCUMENT_FRAGMENT_NODE" href="ample/runtime/AMLNode.xml#constant-DOCUMENT_FRAGMENT_NODE"/>
<entry title="NOTATION_NODE" href="ample/runtime/AMLNode.xml#constant-NOTATION_NODE"/>
<entry title="DOMNodeInsertedIntoDocument" href="ample/runtime/AMLNode.xml#event-DOMNodeInsertedIntoDocument"/>
<entry title="DOMNodeRemovedFromDocument" href="ample/runtime/AMLNode.xml#event-DOMNodeRemovedFromDocument"/>
<entry title="DOMNodeInserted" href="ample/runtime/AMLNode.xml#event-DOMNodeInserted"/>
<entry title="DOMNodeRemoved" href="ample/runtime/AMLNode.xml#event-DOMNodeRemoved"/>
<entry title="AMLImplementation" href="ample/runtime/AMLImplementation.xml"/>
<entry title="createDocument" href="ample/runtime/AMLImplementation.xml#method-createDocument"/>
<entry title="createDocumentType" href="ample/runtime/AMLImplementation.xml#method-createDocumentType"/>
<entry title="hasFeature" href="ample/runtime/AMLImplementation.xml#method-hasFeature"/>
<entry title="AMLNodeList" href="ample/runtime/AMLNodeList.xml"/>
<entry title="item" href="ample/runtime/AMLNodeList.xml#method-item"/>
<entry title="length" href="ample/runtime/AMLNodeList.xml#property-length"/>
<entry title="AMLProcessingInstruction" href="ample/runtime/AMLProcessingInstruction.xml"/>
<entry title="data" href="ample/runtime/AMLProcessingInstruction.xml#property-data"/>
<entry title="target" href="ample/runtime/AMLProcessingInstruction.xml#property-target"/>
<entry title="AMLStringList" href="ample/runtime/AMLStringList.xml"/>
<entry title="length" href="ample/runtime/AMLStringList.xml#property-length"/>
<entry title="item" href="ample/runtime/AMLStringList.xml#method-item"/>
<entry title="contains" href="ample/runtime/AMLStringList.xml#method-contains"/>
<entry title="AMLText" href="ample/runtime/AMLText.xml"/>
<entry title="splitText" href="ample/runtime/AMLText.xml#method-splitText"/>
<entry title="AMLEvent" href="ample/runtime/AMLEvent.xml"/>
<entry title="initEvent" href="ample/runtime/AMLEvent.xml#method-initEvent"/>
<entry title="preventDefault" href="ample/runtime/AMLEvent.xml#method-preventDefault"/>
<entry title="stopPropagation" href="ample/runtime/AMLEvent.xml#method-stopPropagation"/>
<entry title="stopImmediatePropagation" href="ample/runtime/AMLEvent.xml#method-stopImmediatePropagation"/>
<entry title="bubbles" href="ample/runtime/AMLEvent.xml#property-bubbles"/>
<entry title="cancelable" href="ample/runtime/AMLEvent.xml#property-cancelable"/>
<entry title="currentTarget" href="ample/runtime/AMLEvent.xml#property-currentTarget"/>
<entry title="eventPhase" href="ample/runtime/AMLEvent.xml#property-eventPhase"/>
<entry title="target" href="ample/runtime/AMLEvent.xml#property-target"/>
<entry title="timeStamp" href="ample/runtime/AMLEvent.xml#property-timeStamp"/>
<entry title="type" href="ample/runtime/AMLEvent.xml#property-type"/>
<entry title="defaultPrevented" href="ample/runtime/AMLEvent.xml#property-defaultPrevented"/>
<entry title="namespaceURI" href="ample/runtime/AMLEvent.xml#property-namespaceURI"/>
<entry title="CAPTURING_PHASE" href="ample/runtime/AMLEvent.xml#constant-CAPTURING_PHASE"/>
<entry title="AT_TARGET" href="ample/runtime/AMLEvent.xml#constant-AT_TARGET"/>
<entry title="BUBBLING_PHASE" href="ample/runtime/AMLEvent.xml#constant-BUBBLING_PHASE"/>
<entry title="AMLCustomEvent" href="ample/runtime/AMLCustomEvent.xml"/>
<entry title="initCustomEvent" href="ample/runtime/AMLCustomEvent.xml#method-initCustomEvent"/>
<entry title="detail" href="ample/runtime/AMLCustomEvent.xml#property-detail"/>
<entry title="AMLUIEvent" href="ample/runtime/AMLUIEvent.xml"/>
<entry title="initUIEvent" href="ample/runtime/AMLUIEvent.xml#method-initUIEvent"/>
<entry title="detail" href="ample/runtime/AMLUIEvent.xml#property-detail"/>
<entry title="view" href="ample/runtime/AMLUIEvent.xml#property-view"/>
<entry title="$pseudoTarget" href="ample/runtime/AMLUIEvent.xml#property-$pseudoTarget"/>
<entry title="AMLMouseEvent" href="ample/runtime/AMLMouseEvent.xml"/>
<entry title="initMouseEvent" href="ample/runtime/AMLMouseEvent.xml#method-initMouseEvent"/>
<entry title="getModifierState" href="ample/runtime/AMLMouseEvent.xml#method-getModifierState"/>
<entry title="altKey" href="ample/runtime/AMLMouseEvent.xml#property-altKey"/>
<entry title="button" href="ample/runtime/AMLMouseEvent.xml#property-button"/>
<entry title="clientX" href="ample/runtime/AMLMouseEvent.xml#property-clientX"/>
<entry title="clientY" href="ample/runtime/AMLMouseEvent.xml#property-clientY"/>
<entry title="ctrlKey" href="ample/runtime/AMLMouseEvent.xml#property-ctrlKey"/>
<entry title="metaKey" href="ample/runtime/AMLMouseEvent.xml#property-metaKey"/>
<entry title="relatedTarget" href="ample/runtime/AMLMouseEvent.xml#property-relatedTarget"/>
<entry title="screenX" href="ample/runtime/AMLMouseEvent.xml#property-screenX"/>
<entry title="screenY" href="ample/runtime/AMLMouseEvent.xml#property-screenY"/>
<entry title="shiftKey" href="ample/runtime/AMLMouseEvent.xml#property-shiftKey"/>
<entry title="AMLMouseWheelEvent" href="ample/runtime/AMLMouseWheelEvent.xml"/>
<entry title="initMouseWheelEvent" href="ample/runtime/AMLMouseWheelEvent.xml#method-initMouseWheelEvent"/>
<entry title="wheelDelta" href="ample/runtime/AMLMouseWheelEvent.xml#property-wheelDelta"/>
<entry title="AMLKeyboardEvent" href="ample/runtime/AMLKeyboardEvent.xml"/>
<entry title="initKeyboardEvent" href="ample/runtime/AMLKeyboardEvent.xml#method-initKeyboardEvent"/>
<entry title="getModifierState" href="ample/runtime/AMLKeyboardEvent.xml#method-getModifierState"/>
<entry title="keyIdentifier" href="ample/runtime/AMLKeyboardEvent.xml#property-keyIdentifier"/>
<entry title="keyLocation" href="ample/runtime/AMLKeyboardEvent.xml#property-keyLocation"/>
<entry title="ctrlKey" href="ample/runtime/AMLKeyboardEvent.xml#property-ctrlKey"/>
<entry title="metaKey" href="ample/runtime/AMLKeyboardEvent.xml#property-metaKey"/>
<entry title="shiftKey" href="ample/runtime/AMLKeyboardEvent.xml#property-shiftKey"/>
<entry title="altKey" href="ample/runtime/AMLKeyboardEvent.xml#property-altKey"/>
<entry title="DOM_KEY_LOCATION_LEFT" href="ample/runtime/AMLKeyboardEvent.xml#constant-DOM_KEY_LOCATION_LEFT"/>
<entry title="DOM_KEY_LOCATION_NUMPAD" href="ample/runtime/AMLKeyboardEvent.xml#constant-DOM_KEY_LOCATION_NUMPAD"/>
<entry title="DOM_KEY_LOCATION_RIGHT" href="ample/runtime/AMLKeyboardEvent.xml#constant-DOM_KEY_LOCATION_RIGHT"/>
<entry title="DOM_KEY_LOCATION_STANDARD" href="ample/runtime/AMLKeyboardEvent.xml#constant-DOM_KEY_LOCATION_STANDARD"/>
<entry title="AMLTextEvent" href="ample/runtime/AMLTextEvent.xml"/>
<entry title="initTextEvent" href="ample/runtime/AMLTextEvent.xml#method-initTextEvent"/>
<entry title="view" href="ample/runtime/AMLTextEvent.xml#property-view"/>
<entry title="charCode" href="ample/runtime/AMLTextEvent.xml#property-charCode"/>
<entry title="AMLMutationEvent" href="ample/runtime/AMLMutationEvent.xml"/>
<entry title="initMutationEvent" href="ample/runtime/AMLMutationEvent.xml#method-initMutationEvent"/>
<entry title="attrChange" href="ample/runtime/AMLMutationEvent.xml#property-attrChange"/>
<entry title="attrName" href="ample/runtime/AMLMutationEvent.xml#property-attrName"/>
<entry title="newValue" href="ample/runtime/AMLMutationEvent.xml#property-newValue"/>
<entry title="prevValue" href="ample/runtime/AMLMutationEvent.xml#property-prevValue"/>
<entry title="relatedNode" href="ample/runtime/AMLMutationEvent.xml#property-relatedNode"/>
<entry title="MODIFICATION" href="ample/runtime/AMLMutationEvent.xml#constant-MODIFICATION"/>
<entry title="ADDITION" href="ample/runtime/AMLMutationEvent.xml#constant-ADDITION"/>
<entry title="REMOVAL" href="ample/runtime/AMLMutationEvent.xml#constant-REMOVAL"/>
<entry title="AMLResizeEvent" href="ample/runtime/AMLResizeEvent.xml"/>
<entry title="initResizeEvent" href="ample/runtime/AMLResizeEvent.xml#method-initResizeEvent"/>
<entry title="edge" href="ample/runtime/AMLResizeEvent.xml#property-edge"/>
<entry title="AMLDragEvent" href="ample/runtime/AMLDragEvent.xml"/>
<entry title="initDragEvent" href="ample/runtime/AMLDragEvent.xml#method-initDragEvent"/>
<entry title="dataTransfer" href="ample/runtime/AMLDragEvent.xml#property-dataTransfer"/>
<entry title="AMLNamespace" href="ample/runtime/AMLNamespace.xml"/>
<entry title="namespaceURI" href="ample/runtime/AMLNamespace.xml#property-namespaceURI"/>
<entry title="elements" href="ample/runtime/AMLNamespace.xml#property-elements"/>
<entry title="attributes" href="ample/runtime/AMLNamespace.xml#property-attributes"/>
<entry title="setElement" href="ample/runtime/AMLNamespace.xml#method-setElement"/>
<entry title="getElement" href="ample/runtime/AMLNamespace.xml#method-getElement"/>
<entry title="setAttribute" href="ample/runtime/AMLNamespace.xml#method-setAttribute"/>
<entry title="getAttribute" href="ample/runtime/AMLNamespace.xml#method-getAttribute"/>
<entry title="AMLSerialier" href="ample/runtime/AMLSerializer.xml"/>
<entry title="serializeToString" href="ample/runtime/AMLSerializer.xml#method-serializeToString"/>
<entry title="AMLDataTransfer" href="ample/runtime/AMLDataTransfer.xml"/>
<entry title="dropEffect" href="ample/runtime/AMLDataTransfer.xml#property-dropEffect"/>
<entry title="effectAllowed" href="ample/runtime/AMLDataTransfer.xml#property-effectAllowed"/>
<entry title="types" href="ample/runtime/AMLDataTransfer.xml#property-types"/>
<entry title="clearData" href="ample/runtime/AMLDataTransfer.xml#method-clearData"/>
<entry title="setData" href="ample/runtime/AMLDataTransfer.xml#method-setData"/>
<entry title="getData" href="ample/runtime/AMLDataTransfer.xml#method-getData"/>
<entry title="setDragImage" href="ample/runtime/AMLDataTransfer.xml#method-setDragImage"/>
<entry title="addElement" href="ample/runtime/AMLDataTransfer.xml#method-addElement"/>
<entry title="AMLCapture" href="ample/runtime/mCapture.xml"/>
<entry title="$setCapture" href="ample/runtime/mCapture.xml#method-$setCapture"/>
<entry title="$releaseCapture" href="ample/runtime/mCapture.xml#method-$releaseCapture"/>
<entry title="losecapture" href="ample/runtime/mCapture.xml#event-losecapture"/>
<entry title="AMLDragAndDrop" href="ample/runtime/mDragAndDrop.xml"/>
<entry title="$draggable" href="ample/runtime/mDragAndDrop.xml#property-$draggable"/>
<entry title="$droppable" href="ample/runtime/mDragAndDrop.xml#property-$droppable"/>
<entry title="dragstart" href="ample/runtime/mDragAndDrop.xml#event-dragstart"/>
<entry title="dragend" href="ample/runtime/mDragAndDrop.xml#event-dragend"/>
<entry title="dragenter" href="ample/runtime/mDragAndDrop.xml#event-dragenter"/>
<entry title="dragover" href="ample/runtime/mDragAndDrop.xml#event-dragover"/>
<entry title="dragleave" href="ample/runtime/mDragAndDrop.xml#event-dragleave"/>
<entry title="drag" href="ample/runtime/mDragAndDrop.xml#event-drag"/>
<entry title="drop" href="ample/runtime/mDragAndDrop.xml#event-drop"/>
<entry title="drag" href="ample/runtime/mDragAndDrop.xml#pseudoclass-drag"/>
<entry title="drop" href="ample/runtime/mDragAndDrop.xml#pseudoclass-drop"/>
<entry title="AMLEffect" href="ample/runtime/mEffect.xml"/>
<entry title="EFFECT_LINEAR" href="ample/runtime/mEffect.xml#constant-EFFECT_LINEAR"/>
<entry title="EFFECT_ACCELERATE" href="ample/runtime/mEffect.xml#constant-EFFECT_ACCELERATE"/>
<entry title="EFFECT_DECELERATE" href="ample/runtime/mEffect.xml#constant-EFFECT_DECELERATE"/>
<entry title="$play" href="ample/runtime/mEffect.xml#method-$play"/>
<entry title="$stop" href="ample/runtime/mEffect.xml#method-$stop"/>
<entry title="effectstart" href="ample/runtime/mEffect.xml#event-effectstart"/>
<entry title="effectend" href="ample/runtime/mEffect.xml#event-effectend"/>
<entry title="AMLFocus" href="ample/runtime/mFocus.xml"/>
<entry title="focus" href="ample/runtime/mFocus.xml#method-focus"/>
<entry title="blur" href="ample/runtime/mFocus.xml#method-blur"/>
<entry title="$isAccessible" href="ample/runtime/mFocus.xml#method-$isAccessible"/>
<entry title="tabIndex" href="ample/runtime/mFocus.xml#property-tabIndex"/>
<entry title="accessKey" href="ample/runtime/mFocus.xml#property-accessKey"/>
<entry title="focus" href="ample/runtime/mFocus.xml#event-focus"/>
<entry title="blur" href="ample/runtime/mFocus.xml#event-blur"/>
<entry title="DOMFocusIn" href="ample/runtime/mFocus.xml#event-DOMFocusIn"/>
<entry title="DOMFocusOut" href="ample/runtime/mFocus.xml#event-DOMFocusOut"/>
<entry title="focus" href="ample/runtime/mFocus.xml#pseudoclass-focus"/>
<entry title="AMLHistory" href="ample/runtime/mHistory.xml"/>
<entry title="$bookmark" href="ample/runtime/mHistory.xml#method-$bookmark"/>
<entry title="navigate" href="ample/runtime/mHistory.xml#event-navigate"/>
<entry title="hashchange" href="ample/runtime/mHistory.xml#event-hashchange"/>
<entry title="AMLContentLoader" href="ample/runtime/mContentLoader.xml"/>
<entry title="$load" href="ample/runtime/mContentLoader.xml#method-$load"/>
<entry title="load" href="ample/runtime/mContentLoader.xml#event-load"/>
<entry title="unload" href="ample/runtime/mContentLoader.xml#event-unload"/>
<entry title="error" href="ample/runtime/mContentLoader.xml#event-error"/>
<entry title="AMLCompatible" href="ample/runtime/mLegacy.xml"/>
<entry title="contextmenu" href="ample/runtime/mLegacy.xml#event-contextmenu"/>
<entry title="mouseenter" href="ample/runtime/mLegacy.xml#event-mouseenter"/>
<entry title="mouseleave" href="ample/runtime/mLegacy.xml#event-mouseleave"/>
<entry title="keypress" href="ample/runtime/mLegacy.xml#event-keypress"/>
<entry title="AMLResize" href="ample/runtime/mResize.xml"/>
<entry title="$resizable" href="ample/runtime/mResize.xml#property-$resizable"/>
<entry title="resizestart" href="ample/runtime/mResize.xml#event-resizestart"/>
<entry title="resizeend" href="ample/runtime/mResize.xml#event-resizeend"/>
<entry title="resize" href="ample/runtime/mResize.xml#event-resize"/>
<entry title="resize" href="ample/runtime/mResize.xml#pseudoclass-resize"/>
<entry title="AMLSelection" href="ample/runtime/mSelection.xml"/>
<entry title="$selectable" href="ample/runtime/mSelection.xml#property-$selectable"/>
<entry title="JSON" href="ample/runtime/JSON.xml"/>
<entry title="stringify" href="ample/runtime/JSON.xml#method-stringify"/>
<entry title="parse" href="ample/runtime/JSON.xml#method-parse"/>
<entry title="DOMParser" href="ample/runtime/DOMParser.xml"/>
<entry title="baseURI" href="ample/runtime/DOMParser.xml#property-baseURI"/>
<entry title="parseFromString" href="ample/runtime/DOMParser.xml#method-parseFromString"/>
<entry title="XMLSerialier" href="ample/runtime/XMLSerializer.xml"/>
<entry title="serializeToString" href="ample/runtime/XMLSerializer.xml#method-serializeToString"/>
<entry title="XSLTProcessor" href="ample/runtime/XSLTProcessor.xml"/>
<entry title="clearParameters" href="ample/runtime/XSLTProcessor.xml#method-clearParameters"/>
<entry title="getParameter" href="ample/runtime/XSLTProcessor.xml#method-getParameter"/>
<entry title="setParameter" href="ample/runtime/XSLTProcessor.xml#method-setParameter"/>
<entry title="removeParameter" href="ample/runtime/XSLTProcessor.xml#method-removeParameter"/>
<entry title="reset" href="ample/runtime/XSLTProcessor.xml#method-reset"/>
<entry title="importStylesheet" href="ample/runtime/XSLTProcessor.xml#method-importStylesheet"/>
<entry title="transformToDocument" href="ample/runtime/XSLTProcessor.xml#method-transformToDocument"/>
<entry title="transformToFragment" href="ample/runtime/XSLTProcessor.xml#method-transformToFragment"/>
<entry title="XMLHttpRequest" href="ample/runtime/XMLHttpRequest.xml"/>
<entry title="readyState" href="ample/runtime/XMLHttpRequest.xml#property-readyState"/>
<entry title="onreadystatechange" href="ample/runtime/XMLHttpRequest.xml#property-onreadystatechange"/>
<entry title="responseText" href="ample/runtime/XMLHttpRequest.xml#property-responseText"/>
<entry title="responseXML" href="ample/runtime/XMLHttpRequest.xml#property-responseXML"/>
<entry title="status" href="ample/runtime/XMLHttpRequest.xml#property-status"/>
<entry title="statusText" href="ample/runtime/XMLHttpRequest.xml#property-statusText"/>
<entry title="open" href="ample/runtime/XMLHttpRequest.xml#method-open"/>
<entry title="send" href="ample/runtime/XMLHttpRequest.xml#method-send"/>
<entry title="abort" href="ample/runtime/XMLHttpRequest.xml#method-abort"/>
<entry title="setRequestHeader" href="ample/runtime/XMLHttpRequest.xml#method-setRequestHeader"/>
<entry title="getResponseHeader" href="ample/runtime/XMLHttpRequest.xml#method-getResponseHeader"/>
<entry title="getAllResponseHeaders" href="ample/runtime/XMLHttpRequest.xml#method-getAllResponseHeaders"/>
<entry title="XML Inclusions (XInclude) Version 1.0" href="ample/xinclude10/xinclude10.xml"/>
<entry title="Namespace URI" href="ample/xinclude10/xinclude10.xml"/>
<entry title="Ample SDK implementation details" href="ample/xinclude10/xinclude10.xml"/>
<entry title="include" href="ample/xinclude10/include.xml"/>
<entry title="href" href="ample/xinclude10/include.xml#attribute-href"/>
<entry title="parse" href="ample/xinclude10/include.xml#attribute-parse"/>
<entry title="xpointer" href="ample/xinclude10/include.xml#attribute-xpointer"/>
<entry title="encoding" href="ample/xinclude10/include.xml#attribute-encoding"/>
<entry title="accept" href="ample/xinclude10/include.xml#attribute-accept"/>
<entry title="accept-language" href="ample/xinclude10/include.xml#attribute-accept-language"/>
<entry title="fallback" href="ample/xinclude10/fallback.xml"/>
<entry title="XML Events Version 1.0" href="ample/xmlevents10/xmlevents10.xml"/>
<entry title="Namespace URI" href="ample/xmlevents10/xmlevents10.xml"/>
<entry title="Ample SDK implementation details" href="ample/xmlevents10/xmlevents10.xml"/>
<entry title="listener" href="ample/xmlevents10/listener.xml"/>
<entry title="event" href="ample/xmlevents10/listener.xml#attribute-event"/>
<entry title="observer" href="ample/xmlevents10/listener.xml#attribute-observer"/>
<entry title="target" href="ample/xmlevents10/listener.xml#attribute-target"/>
<entry title="handler" href="ample/xmlevents10/listener.xml#attribute-handler"/>
<entry title="phase" href="ample/xmlevents10/listener.xml#attribute-phase"/>
<entry title="propagate" href="ample/xmlevents10/listener.xml#attribute-propagate"/>
<entry title="defaultAction" href="ample/xmlevents10/listener.xml#attribute-defaultAction"/>
<entry title="Synchronized Multimedia Integration Language (SMIL 3.0)" href="ample/smil30/smil30.xml"/>
<entry title="Namespace URI" href="ample/smil30/smil30.xml"/>
<entry title="Ample SDK implementation details" href="ample/smil30/smil30.xml"/>
<entry title="animate" href="ample/smil30/animate.xml"/>
<entry title="attributeName" href="ample/smil30/animate.xml#attribute-attributeName"/>
<entry title="attributeType" href="ample/smil30/animate.xml#attribute-attributeType"/>
<entry title="targetElement" href="ample/smil30/animate.xml#attribute-targetElement"/>
<entry title="from" href="ample/smil30/animate.xml#attribute-from"/>
<entry title="to" href="ample/smil30/animate.xml#attribute-to"/>
<entry title="by" href="ample/smil30/animate.xml#attribute-by"/>
<entry title="values" href="ample/smil30/animate.xml#attribute-values"/>
<entry title="calcMode" href="ample/smil30/animate.xml#attribute-calcMode"/>
<entry title="accumulate" href="ample/smil30/animate.xml#attribute-accumulate"/>
<entry title="additive" href="ample/smil30/animate.xml#attribute-additive"/>
<entry title="fill" href="ample/smil30/animate.xml#attribute-fill"/>
<entry title="begin" href="ample/smil30/animate.xml#attribute-begin"/>
<entry title="dur" href="ample/smil30/animate.xml#attribute-dur"/>
<entry title="end" href="ample/smil30/animate.xml#attribute-end"/>
<entry title="repeatCount" href="ample/smil30/animate.xml#attribute-repeatCount"/>
<entry title="repeatDur" href="ample/smil30/animate.xml#attribute-repeatDur"/>
<entry title="autoReverse" href="ample/smil30/animate.xml#attribute-autoReverse"/>
<entry title="accelerate" href="ample/smil30/animate.xml#attribute-accelerate"/>
<entry title="decelerate" href="ample/smil30/animate.xml#attribute-decelerate"/>
<entry title="speed" href="ample/smil30/animate.xml#attribute-speed"/>
<entry title="animateMotion" href="ample/smil30/animateMotion.xml"/>
<entry title="attributeName" href="ample/smil30/animateMotion.xml#attribute-attributeName"/>
<entry title="attributeType" href="ample/smil30/animateMotion.xml#attribute-attributeType"/>
<entry title="targetElement" href="ample/smil30/animateMotion.xml#attribute-targetElement"/>
<entry title="from" href="ample/smil30/animateMotion.xml#attribute-from"/>
<entry title="to" href="ample/smil30/animateMotion.xml#attribute-to"/>
<entry title="by" href="ample/smil30/animateMotion.xml#attribute-by"/>
<entry title="values" href="ample/smil30/animateMotion.xml#attribute-values"/>
<entry title="calcMode" href="ample/smil30/animateMotion.xml#attribute-calcMode"/>
<entry title="accumulate" href="ample/smil30/animateMotion.xml#attribute-accumulate"/>
<entry title="additive" href="ample/smil30/animateMotion.xml#attribute-additive"/>
<entry title="fill" href="ample/smil30/animateMotion.xml#attribute-fill"/>
<entry title="begin" href="ample/smil30/animateMotion.xml#attribute-begin"/>
<entry title="dur" href="ample/smil30/animateMotion.xml#attribute-dur"/>
<entry title="end" href="ample/smil30/animateMotion.xml#attribute-end"/>
<entry title="repeatCount" href="ample/smil30/animateMotion.xml#attribute-repeatCount"/>
<entry title="repeatDur" href="ample/smil30/animateMotion.xml#attribute-repeatDur"/>
<entry title="autoReverse" href="ample/smil30/animateMotion.xml#attribute-autoReverse"/>
<entry title="accelerate" href="ample/smil30/animateMotion.xml#attribute-accelerate"/>
<entry title="decelerate" href="ample/smil30/animateMotion.xml#attribute-decelerate"/>
<entry title="speed" href="ample/smil30/animateMotion.xml#attribute-speed"/>
<entry title="animateColor" href="ample/smil30/animateColor.xml"/>
<entry title="attributeName" href="ample/smil30/animateColor.xml#attribute-attributeName"/>
<entry title="attributeType" href="ample/smil30/animateColor.xml#attribute-attributeType"/>
<entry title="targetElement" href="ample/smil30/animateColor.xml#attribute-targetElement"/>
<entry title="from" href="ample/smil30/animateColor.xml#attribute-from"/>
<entry title="to" href="ample/smil30/animateColor.xml#attribute-to"/>
<entry title="by" href="ample/smil30/animateColor.xml#attribute-by"/>
<entry title="values" href="ample/smil30/animateColor.xml#attribute-values"/>
<entry title="calcMode" href="ample/smil30/animateColor.xml#attribute-calcMode"/>
<entry title="accumulate" href="ample/smil30/animateColor.xml#attribute-accumulate"/>
<entry title="additive" href="ample/smil30/animateColor.xml#attribute-additive"/>
<entry title="fill" href="ample/smil30/animateColor.xml#attribute-fill"/>
<entry title="begin" href="ample/smil30/animateColor.xml#attribute-begin"/>
<entry title="dur" href="ample/smil30/animateColor.xml#attribute-dur"/>
<entry title="end" href="ample/smil30/animateColor.xml#attribute-end"/>
<entry title="repeatCount" href="ample/smil30/animateColor.xml#attribute-repeatCount"/>
<entry title="repeatDur" href="ample/smil30/animateColor.xml#attribute-repeatDur"/>
<entry title="autoReverse" href="ample/smil30/animateColor.xml#attribute-autoReverse"/>
<entry title="accelerate" href="ample/smil30/animateColor.xml#attribute-accelerate"/>
<entry title="decelerate" href="ample/smil30/animateColor.xml#attribute-decelerate"/>
<entry title="speed" href="ample/smil30/animateColor.xml#attribute-speed"/>
<entry title="set" href="ample/smil30/set.xml"/>
<entry title="attributeName" href="ample/smil30/set.xml#attribute-attributeName"/>
<entry title="attributeType" href="ample/smil30/set.xml#attribute-attributeType"/>
<entry title="targetElement" href="ample/smil30/set.xml#attribute-targetElement"/>
<entry title="to" href="ample/smil30/set.xml#attribute-to"/>
<entry title="fill" href="ample/smil30/set.xml#attribute-fill"/>
<entry title="begin" href="ample/smil30/set.xml#attribute-begin"/>
<entry title="dur" href="ample/smil30/set.xml#attribute-dur"/>
<entry title="end" href="ample/smil30/set.xml#attribute-end"/>
<entry title="repeatCount" href="ample/smil30/set.xml#attribute-repeatCount"/>
<entry title="repeatDur" href="ample/smil30/set.xml#attribute-repeatDur"/>
<entry title="par" href="ample/smil30/par.xml"/>
<entry title="begin" href="ample/smil30/par.xml#attribute-begin"/>
<entry title="dur" href="ample/smil30/par.xml#attribute-dur"/>
<entry title="end" href="ample/smil30/par.xml#attribute-end"/>
<entry title="repeatCount" href="ample/smil30/par.xml#attribute-repeatCount"/>
<entry title="repeatDur" href="ample/smil30/par.xml#attribute-repeatDur"/>
<entry title="autoReverse" href="ample/smil30/par.xml#attribute-autoReverse"/>
<entry title="accelerate" href="ample/smil30/par.xml#attribute-accelerate"/>
<entry title="decelerate" href="ample/smil30/par.xml#attribute-decelerate"/>
<entry title="speed" href="ample/smil30/par.xml#attribute-speed"/>
<entry title="seq" href="ample/smil30/seq.xml"/>
<entry title="begin" href="ample/smil30/seq.xml#attribute-begin"/>
<entry title="dur" href="ample/smil30/seq.xml#attribute-dur"/>
<entry title="end" href="ample/smil30/seq.xml#attribute-end"/>
<entry title="repeatCount" href="ample/smil30/seq.xml#attribute-repeatCount"/>
<entry title="repeatDur" href="ample/smil30/seq.xml#attribute-repeatDur"/>
<entry title="autoReverse" href="ample/smil30/seq.xml#attribute-autoReverse"/>
<entry title="accelerate" href="ample/smil30/seq.xml#attribute-accelerate"/>
<entry title="decelerate" href="ample/smil30/seq.xml#attribute-decelerate"/>
<entry title="speed" href="ample/smil30/seq.xml#attribute-speed"/>
<entry title="par" href="ample/smil30/excl.xml"/>
<entry title="begin" href="ample/smil30/excl.xml#attribute-begin"/>
<entry title="dur" href="ample/smil30/excl.xml#attribute-dur"/>
<entry title="end" href="ample/smil30/excl.xml#attribute-end"/>
<entry title="repeatCount" href="ample/smil30/excl.xml#attribute-repeatCount"/>
<entry title="repeatDur" href="ample/smil30/excl.xml#attribute-repeatDur"/>
<entry title="autoReverse" href="ample/smil30/excl.xml#attribute-autoReverse"/>
<entry title="accelerate" href="ample/smil30/excl.xml#attribute-accelerate"/>
<entry title="decelerate" href="ample/smil30/excl.xml#attribute-decelerate"/>
<entry title="speed" href="ample/smil30/excl.xml#attribute-speed"/>
<entry title="XML Schema 1.1 Part 2: Datatypes" href="ample/schema11/schema11-datatypes.xml"/>
<entry title="Namespace URI" href="ample/schema11/schema11-datatypes.xml"/>
<entry title="Ample SDK implementation details" href="ample/schema11/schema11-datatypes.xml"/>
<entry title="schema" href="ample/schema11/schema.xml"/>
<entry title="targetNamespace" href="ample/schema11/schema.xml#attribute-targetNamespace"/>
<entry title="simpleType" href="ample/schema11/simpleType.xml"/>
<entry title="name" href="ample/schema11/simpleType.xml#attribute-name"/>
<entry title="final" href="ample/schema11/simpleType.xml#attribute-final"/>
<entry title="union" href="ample/schema11/union.xml"/>
<entry title="memberItems" href="ample/schema11/union.xml#attribute-memberItems"/>
<entry title="list" href="ample/schema11/list.xml"/>
<entry title="listItem" href="ample/schema11/list.xml#attribute-listItem"/>
<entry title="restriction" href="ample/schema11/restriction.xml"/>
<entry title="base" href="ample/schema11/restriction.xml#attribute-base"/>
<entry title="length" href="ample/schema11/length.xml"/>
<entry title="value" href="ample/schema11/length.xml#attribute-value"/>
<entry title="fixed" href="ample/schema11/length.xml#attribute-fixed"/>
<entry title="minLength" href="ample/schema11/minLength.xml"/>
<entry title="value" href="ample/schema11/minLength.xml#attribute-value"/>
<entry title="fixed" href="ample/schema11/minLength.xml#attribute-fixed"/>
<entry title="maxLength" href="ample/schema11/maxLength.xml"/>
<entry title="value" href="ample/schema11/maxLength.xml#attribute-value"/>
<entry title="fixed" href="ample/schema11/maxLength.xml#attribute-fixed"/>
<entry title="pattern" href="ample/schema11/pattern.xml"/>
<entry title="value" href="ample/schema11/pattern.xml#attribute-value"/>
<entry title="whiteSpace" href="ample/schema11/whiteSpace.xml"/>
<entry title="value" href="ample/schema11/whiteSpace.xml#attribute-value"/>
<entry title="fixed" href="ample/schema11/whiteSpace.xml#attribute-fixed"/>
<entry title="maxInclusive" href="ample/schema11/maxInclusive.xml"/>
<entry title="value" href="ample/schema11/maxInclusive.xml#attribute-value"/>
<entry title="fixed" href="ample/schema11/maxInclusive.xml#attribute-fixed"/>
<entry title="maxInclusive" href="ample/schema11/minInclusive.xml"/>
<entry title="value" href="ample/schema11/minInclusive.xml#attribute-value"/>
<entry title="fixed" href="ample/schema11/minInclusive.xml#attribute-fixed"/>
<entry title="maxExclusive" href="ample/schema11/maxExclusive.xml"/>
<entry title="value" href="ample/schema11/maxExclusive.xml#attribute-value"/>
<entry title="fixed" href="ample/schema11/maxExclusive.xml#attribute-fixed"/>
<entry title="minExclusive" href="ample/schema11/minExclusive.xml"/>
<entry title="value" href="ample/schema11/minExclusive.xml#attribute-value"/>
<entry title="fixed" href="ample/schema11/minExclusive.xml#attribute-fixed"/>
<entry title="totalDigits" href="ample/schema11/totalDigits.xml"/>
<entry title="value" href="ample/schema11/totalDigits.xml#attribute-value"/>
<entry title="fixed" href="ample/schema11/totalDigits.xml#attribute-fixed"/>
<entry title="fractionDigits" href="ample/schema11/fractionDigits.xml"/>
<entry title="value" href="ample/schema11/fractionDigits.xml#attribute-value"/>
<entry title="fixed" href="ample/schema11/fractionDigits.xml#attribute-fixed"/>
<entry title="minScale" href="ample/schema11/minScale.xml"/>
<entry title="value" href="ample/schema11/minScale.xml#attribute-value"/>
<entry title="fixed" href="ample/schema11/minScale.xml#attribute-fixed"/>
<entry title="maxScale" href="ample/schema11/maxScale.xml"/>
<entry title="value" href="ample/schema11/maxScale.xml#attribute-value"/>
<entry title="fixed" href="ample/schema11/maxScale.xml#attribute-fixed"/>
<entry title="enumeration" href="ample/schema11/enumeration.xml"/>
<entry title="value" href="ample/schema11/enumeration.xml#attribute-value"/>
<entry title="assertion" href="ample/schema11/assertion.xml"/>
<entry title="value" href="ample/schema11/assertion.xml#attribute-value"/>
<entry title="Remote Events for XML (REX) 1.0" href="ample/rex10/rex10.xml"/>
<entry title="Namespace URI" href="ample/rex10/rex10.xml"/>
<entry title="Ample SDK implementation details" href="ample/rex10/rex10.xml"/>
<entry title="XML Binding Language (XBL) 2.0" href="ample/xbl20/xbl20.xml"/>
<entry title="Namespace URI" href="ample/xbl20/xbl20.xml"/>
<entry title="Ample SDK implementation details" href="ample/xbl20/xbl20.xml"/>
<entry title="XHTML™ 1.0 The Extensible HyperText Markup Language" href="ample/xhtml1/xhtml.xml"/>
<entry title="Namespace URI" href="ample/xhtml1/xhtml.xml"/>
<entry title="Ample SDK implementation details" href="ample/xhtml1/xhtml.xml"/>
<entry title="Scalable Vector Graphics (SVG) 1.2 Tiny" href="ample/svg12/svg12.xml"/>
<entry title="Namespace URI" href="ample/svg12/svg12.xml"/>
<entry title="Ample SDK implementation details" href="ample/svg12/svg12.xml"/>
<entry title="SVG12Element" href="ample/svg12/SVG12Element.xml"/>
<entry title="SVG12ShapeElement" href="ample/svg12/SVG12ShapeElement.xml"/>
<entry title="fill" href="ample/svg12/SVG12ShapeElement.xml#attribute-fill"/>
<entry title="fill-opacity" href="ample/svg12/SVG12ShapeElement.xml#attribute-fill-opacity"/>
<entry title="stroke" href="ample/svg12/SVG12ShapeElement.xml#attribute-stroke"/>
<entry title="stroke-linejoin" href="ample/svg12/SVG12ShapeElement.xml#attribute-stroke-linejoin"/>
<entry title="stroke-width" href="ample/svg12/SVG12ShapeElement.xml#attribute-stroke-width"/>
<entry title="stroke-opacity" href="ample/svg12/SVG12ShapeElement.xml#attribute-stroke-opacity"/>
<entry title="transform" href="ample/svg12/SVG12ShapeElement.xml#attribute-transform"/>
<entry title="circle" href="ample/svg12/circle.xml"/>
<entry title="cx" href="ample/svg12/circle.xml#attribute-cx"/>
<entry title="cy" href="ample/svg12/circle.xml#attribute-cy"/>
<entry title="r" href="ample/svg12/circle.xml#attribute-r"/>
<entry title="ellipse" href="ample/svg12/ellipse.xml"/>
<entry title="cx" href="ample/svg12/ellipse.xml#attribute-cx"/>
<entry title="cy" href="ample/svg12/ellipse.xml#attribute-cy"/>
<entry title="rx" href="ample/svg12/ellipse.xml#attribute-rx"/>
<entry title="ry" href="ample/svg12/ellipse.xml#attribute-ry"/>
<entry title="foreignObject" href="ample/svg12/foreignObject.xml"/>
<entry title="x" href="ample/svg12/foreignObject.xml#attribute-x"/>
<entry title="y" href="ample/svg12/foreignObject.xml#attribute-y"/>
<entry title="width" href="ample/svg12/foreignObject.xml#attribute-width"/>
<entry title="height" href="ample/svg12/foreignObject.xml#attribute-height"/>
<entry title="transform" href="ample/svg12/foreignObject.xml#attribute-transform"/>
<entry title="g" href="ample/svg12/g.xml"/>
<entry title="line" href="ample/svg12/line.xml"/>
<entry title="x1" href="ample/svg12/line.xml#attribute-x1"/>
<entry title="y1" href="ample/svg12/line.xml#attribute-y1"/>
<entry title="x2" href="ample/svg12/line.xml#attribute-x2"/>
<entry title="y2" href="ample/svg12/line.xml#attribute-y2"/>
<entry title="path" href="ample/svg12/path.xml"/>
<entry title="d" href="ample/svg12/path.xml#attribute-d"/>
<entry title="polygon" href="ample/svg12/polygon.xml"/>
<entry title="points" href="ample/svg12/polygon.xml#attribute-points"/>
<entry title="polyline" href="ample/svg12/polyline.xml"/>
<entry title="points" href="ample/svg12/polyline.xml#attribute-points"/>
<entry title="rect" href="ample/svg12/rect.xml"/>
<entry title="x" href="ample/svg12/rect.xml#attribute-x"/>
<entry title="y" href="ample/svg12/rect.xml#attribute-y"/>
<entry title="width" href="ample/svg12/rect.xml#attribute-width"/>
<entry title="height" href="ample/svg12/rect.xml#attribute-height"/>
<entry title="rx" href="ample/svg12/rect.xml#attribute-rx"/>
<entry title="ry" href="ample/svg12/rect.xml#attribute-ry"/>
<entry title="svg" href="ample/svg12/svg.xml"/>
<entry title="viewBox" href="ample/svg12/svg.xml#attribute-viewBox"/>
<entry title="width" href="ample/svg12/svg.xml#attribute-width"/>
<entry title="height" href="ample/svg12/svg.xml#attribute-height"/>
<entry title="XForms 1.1" href="ample/xforms11/xforms11.xml"/>
<entry title="Namespace URI" href="ample/xforms11/xforms11.xml"/>
<entry title="Ample SDK implementation details" href="ample/xforms11/xforms11.xml"/>
<entry title="XML User Interface Language (XUL)" href="ample/xul/xul.xml"/>
<entry title="Namespace URI" href="ample/xul/xul.xml"/>
<entry title="Ample SDK implementation details" href="ample/xul/xul.xml"/>
<entry title="XULElement" href="ample/xul/XULElement.xml"/>
<entry title="align" href="ample/xul/XULElement.xml#attribute-align"/>
<entry title="pack" href="ample/xul/XULElement.xml#attribute-pack"/>
<entry title="flex" href="ample/xul/XULElement.xml#attribute-flex"/>
<entry title="debug" href="ample/xul/XULElement.xml#attribute-debug"/>
<entry title="orient" href="ample/xul/XULElement.xml#attribute-orient"/>
<entry title="height" href="ample/xul/XULElement.xml#attribute-height"/>
<entry title="width" href="ample/xul/XULElement.xml#attribute-width"/>
<entry title="style" href="ample/xul/XULElement.xml#attribute-style"/>
<entry title="context" href="ample/xul/XULElement.xml#attribute-context"/>
<entry title="popup" href="ample/xul/XULElement.xml#attribute-popup"/>
<entry title="tooltip" href="ample/xul/XULElement.xml#attribute-tooltip"/>
<entry title="tooltiptext" href="ample/xul/XULElement.xml#attribute-tooltiptext"/>
<entry title="class" href="ample/xul/XULElement.xml#attribute-class"/>
<entry title="hidden" href="ample/xul/XULElement.xml#attribute-hidden"/>
<entry title="command" href="ample/xul/XULElement.xml#attribute-command"/>
<entry title="observes" href="ample/xul/XULElement.xml#attribute-observes"/>
<entry title="XULDocument" href="ample/xul/XULDocument.xml"/>
<entry title="loadOverlay" href="ample/xul/XULDocument.xml#method-loadOverlay"/>
<entry title="addBroadcastListenerFor" href="ample/xul/XULDocument.xml#method-addBroadcastListenerFor"/>
<entry title="removeBroadcastListenerFor" href="ample/xul/XULDocument.xml#method-removeBroadcastListenerFor"/>
<entry title="popupNode" href="ample/xul/XULDocument.xml#property-popupNode"/>
<entry title="tooltipNode" href="ample/xul/XULDocument.xml#property-tooltipNode"/>
<entry title="commandDispatcher" href="ample/xul/XULDocument.xml#property-commandDispatcher"/>
<entry title="XULPopupElement" href="ample/xul/XULPopupElement.xml"/>
<entry title="showPopup" href="ample/xul/XULPopupElement.xml#method-showPopup"/>
<entry title="hidePopup" href="ample/xul/XULPopupElement.xml#method-hidePopup"/>
<entry title="position" href="ample/xul/XULPopupElement.xml#attribute-position"/>
<entry title="popuphidden" href="ample/xul/XULPopupElement.xml#event-popuphidden"/>
<entry title="popuphiding" href="ample/xul/XULPopupElement.xml#event-popuphiding"/>
<entry title="popupshowing" href="ample/xul/XULPopupElement.xml#event-popupshowing"/>
<entry title="popupshown" href="ample/xul/XULPopupElement.xml#event-popupshown"/>
<entry title="XULSelectElement" href="ample/xul/XULSelectElement.xml"/>
<entry title="selectAll" href="ample/xul/XULSelectElement.xml#method-selectAll"/>
<entry title="clearSelection" href="ample/xul/XULSelectElement.xml#method-clearSelection"/>
<entry title="selectItem" href="ample/xul/XULSelectElement.xml#method-selectItem"/>
<entry title="toggleItemSelection" href="ample/xul/XULSelectElement.xml#method-toggleItemSelection"/>
<entry title="addItemToSelection" href="ample/xul/XULSelectElement.xml#method-addItemToSelection"/>
<entry title="removeItemFromSelection" href="ample/xul/XULSelectElement.xml#method-removeItemFromSelection"/>
<entry title="selectItemRange" href="ample/xul/XULSelectElement.xml#method-selectItemRange"/>
<entry title="scrollToIndex" href="ample/xul/XULSelectElement.xml#method-scrollToIndex"/>
<entry title="currentItem" href="ample/xul/XULSelectElement.xml#property-currentItem"/>
<entry title="selectedItems" href="ample/xul/XULSelectElement.xml#property-selectedItems"/>
<entry title="seltype" href="ample/xul/XULSelectElement.xml#attribute-seltype"/>
<entry title="select" href="ample/xul/XULSelectElement.xml#event-select"/>
<entry title="selected" href="ample/xul/XULSelectElement.xml#pseudoclass-selected"/>
<entry title="broadcaster" href="ample/xul/broadcaster.xml"/>
<entry title="broadcasterset" href="ample/xul/broadcasterset.xml"/>
<entry title="command" href="ample/xul/command.xml"/>
<entry title="command" href="ample/xul/command.xml#event-command"/>
<entry title="commandset" href="ample/xul/commandset.xml"/>
<entry title="key" href="ample/xul/key.xml"/>
<entry title="key" href="ample/xul/key.xml#attribute-key"/>
<entry title="keycode" href="ample/xul/key.xml#attribute-keycode"/>
<entry title="keytext" href="ample/xul/key.xml#attribute-keytext"/>
<entry title="modifiers" href="ample/xul/key.xml#attribute-modifiers"/>
<entry title="command" href="ample/xul/key.xml#event-command"/>
<entry title="keyset" href="ample/xul/keyset.xml"/>
<entry title="button" href="ample/xul/button.xml"/>
<entry title="label" href="ample/xul/button.xml#attribute-label"/>
<entry title="image" href="ample/xul/button.xml#attribute-image"/>
<entry title="command" href="ample/xul/button.xml#event-command"/>
<entry title="checkbox" href="ample/xul/checkbox.xml"/>
<entry title="checked" href="ample/xul/checkbox.xml#attribute-checked"/>
<entry title="label" href="ample/xul/checkbox.xml#attribute-label"/>
<entry title="colorpicker" href="ample/xul/colorpicker.xml"/>
<entry title="value" href="ample/xul/colorpicker.xml#attribute-value"/>
<entry title="datepicker" href="ample/xul/datepicker.xml"/>
<entry title="name" href="ample/xul/datepicker.xml#attribute-name"/>
<entry title="value" href="ample/xul/datepicker.xml#attribute-value"/>
<entry title="min" href="ample/xul/datepicker.xml#attribute-min"/>
<entry title="max" href="ample/xul/datepicker.xml#attribute-max"/>
<entry title="change" href="ample/xul/datepicker.xml#event-change"/>
<entry title="editor" href="ample/xul/editor.xml"/>
<entry title="menulist" href="ample/xul/menulist.xml"/>
<entry title="progressmeter" href="ample/xul/progressmeter.xml"/>
<entry title="value" href="ample/xul/progressmeter.xml#attribute-value"/>
<entry title="mode" href="ample/xul/progressmeter.xml#attribute-mode"/>
<entry title="radio" href="ample/xul/radio.xml"/>
<entry title="selected" href="ample/xul/radio.xml#attribute-selected"/>
<entry title="value" href="ample/xul/radio.xml#attribute-value"/>
<entry title="label" href="ample/xul/radio.xml#attribute-label"/>
<entry title="group" href="ample/xul/radio.xml#property-group"/>
<entry title="radiogroup" href="ample/xul/radiogroup.xml"/>
<entry title="items" href="ample/xul/radiogroup.xml#property-items"/>
<entry title="scale" href="ample/xul/scale.xml"/>
<entry title="name" href="ample/xul/scale.xml#attribute-name"/>
<entry title="value" href="ample/xul/scale.xml#attribute-value"/>
<entry title="step" href="ample/xul/scale.xml#attribute-step"/>
<entry title="min" href="ample/xul/scale.xml#attribute-min"/>
<entry title="max" href="ample/xul/scale.xml#attribute-max"/>
<entry title="change" href="ample/xul/scale.xml#event-change"/>
<entry title="textbox" href="ample/xul/textbox.xml"/>
<entry title="type" href="ample/xul/textbox.xml#attribute-type"/>
<entry title="multiline" href="ample/xul/textbox.xml#attribute-multiline"/>
<entry title="value" href="ample/xul/textbox.xml#attribute-value"/>
<entry title="readOnly" href="ample/xul/textbox.xml#attribute-readOnly"/>
<entry title="maxlength" href="ample/xul/textbox.xml#attribute-maxlength"/>
<entry title="rows" href="ample/xul/textbox.xml#attribute-rows"/>
<entry title="cols" href="ample/xul/textbox.xml#attribute-cols"/>
<entry title="timepicker" href="ample/xul/timepicker.xml"/>
<entry title="name" href="ample/xul/timepicker.xml#attribute-name"/>
<entry title="value" href="ample/xul/timepicker.xml#attribute-value"/>
<entry title="min" href="ample/xul/timepicker.xml#attribute-min"/>
<entry title="max" href="ample/xul/timepicker.xml#attribute-max"/>
<entry title="change" href="ample/xul/timepicker.xml#event-change"/>
<entry title="listbody" href="ample/xul/listbody.xml"/>
<entry title="Listbox" href="ample/xul/listbox.xml"/>
<entry title="type" href="ample/xul/listbox.xml#attribute-type"/>
<entry title="head" href="ample/xul/listbox.xml#property-head"/>
<entry title="body" href="ample/xul/listbox.xml#property-body"/>
<entry title="items" href="ample/xul/listbox.xml#property-items"/>
<entry title="listcell" href="ample/xul/listcell.xml"/>
<entry title="label" href="ample/xul/listcell.xml#attribute-label"/>
<entry title="image" href="ample/xul/listcell.xml#attribute-image"/>
<entry title="listcol" href="ample/xul/listcol.xml"/>
<entry title="listcols" href="ample/xul/listcols.xml"/>
<entry title="listhead" href="ample/xul/listhead.xml"/>
<entry title="items" href="ample/xul/listhead.xml#property-items"/>
<entry title="listheader" href="ample/xul/listheader.xml"/>
<entry title="label" href="ample/xul/listheader.xml#attribute-label"/>
<entry title="minwidth" href="ample/xul/listheader.xml#attribute-minwidth"/>
<entry title="listitem" href="ample/xul/listitem.xml"/>
<entry title="selected" href="ample/xul/listitem.xml#attribute-selected"/>
<entry title="value" href="ample/xul/listitem.xml#attribute-value"/>
<entry title="menu" href="ample/xul/menu.xml"/>
<entry title="label" href="ample/xul/menu.xml#attribute-label"/>
<entry title="image" href="ample/xul/menu.xml#attribute-image"/>
<entry title="value" href="ample/xul/menu.xml#attribute-value"/>
<entry title="popup" href="ample/xul/menu.xml#property-popup"/>
<entry title="menubar" href="ample/xul/menubar.xml"/>
<entry title="selectedItem" href="ample/xul/menubar.xml#property-selectedItem"/>
<entry title="items" href="ample/xul/menubar.xml#property-items"/>
<entry title="menuitem" href="ample/xul/menuitem.xml"/>
<entry title="label" href="ample/xul/menuitem.xml#attribute-label"/>
<entry title="image" href="ample/xul/menuitem.xml#attribute-image"/>
<entry title="type" href="ample/xul/menuitem.xml#attribute-type"/>
<entry title="checked" href="ample/xul/menuitem.xml#attribute-checked"/>
<entry title="value" href="ample/xul/menuitem.xml#attribute-value"/>
<entry title="menupopup" href="ample/xul/menupopup.xml"/>
<entry title="selectedItem" href="ample/xul/menupopup.xml#property-selectedItem"/>
<entry title="items" href="ample/xul/menupopup.xml#property-items"/>
<entry title="menuseparator" href="ample/xul/menuseparator.xml"/>
<entry title="tabbox" href="ample/xul/tabbox.xml"/>
<entry title="tabs" href="ample/xul/tabbox.xml#property-tabs"/>
<entry title="tabpanels" href="ample/xul/tabbox.xml#property-tabpanels"/>
<entry title="selectedIndex" href="ample/xul/tabbox.xml#property-selectedIndex"/>
<entry title="selectedPanel" href="ample/xul/tabbox.xml#property-selectedPanel"/>
<entry title="selectedTab" href="ample/xul/tabbox.xml#property-selectedTab"/>
<entry title="tab" href="ample/xul/tab.xml"/>
<entry title="selected" href="ample/xul/tab.xml#attribute-selected"/>
<entry title="label" href="ample/xul/tab.xml#attribute-label"/>
<entry title="image" href="ample/xul/tab.xml#attribute-image"/>
<entry title="command" href="ample/xul/tab.xml#event-command"/>
<entry title="tabs" href="ample/xul/tabs.xml"/>
<entry title="advanceSelectedTab" href="ample/xul/tabs.xml#method-advanceSelectedTab"/>
<entry title="appendItem" href="ample/xul/tabs.xml#method-appendItem"/>
<entry title="insertItemAt" href="ample/xul/tabs.xml#method-insertItemAt"/>
<entry title="removeItemAt" href="ample/xul/tabs.xml#method-removeItemAt"/>
<entry title="selectedIndex" href="ample/xul/tabs.xml#property-selectedIndex"/>
<entry title="selectedItem" href="ample/xul/tabs.xml#property-selectedItem"/>
<entry title="items" href="ample/xul/tabs.xml#property-items"/>
<entry title="select" href="ample/xul/tabs.xml#event-select"/>
<entry title="tabpanel" href="ample/xul/tabpanel.xml"/>
<entry title="tabpanels" href="ample/xul/tabpanels.xml"/>
<entry title="selectedIndex" href="ample/xul/tabpanels.xml#property-selectedIndex"/>
<entry title="selectedPanel" href="ample/xul/tabpanels.xml#property-selectedPanel"/>
<entry title="items" href="ample/xul/tabpanels.xml#property-items"/>
<entry title="toolbar" href="ample/xul/toolbar.xml"/>
<entry title="toolbarbutton" href="ample/xul/toolbarbutton.xml"/>
<entry title="type" href="ample/xul/toolbarbutton.xml#attribute-type"/>
<entry title="image" href="ample/xul/toolbarbutton.xml#attribute-image"/>
<entry title="label" href="ample/xul/toolbarbutton.xml#attribute-label"/>
<entry title="toolbargrippy" href="ample/xul/toolbargrippy.xml"/>
<entry title="toolbarseparator" href="ample/xul/toolbarseparator.xml"/>
<entry title="toolbox" href="ample/xul/toolbox.xml"/>
<entry title="Tree" href="ample/xul/tree.xml"/>
<entry title="type" href="ample/xul/tree.xml#attribute-type"/>
<entry title="refresh" href="ample/xul/tree.xml#method-refresh"/>
<entry title="head" href="ample/xul/tree.xml#property-head"/>
<entry title="body" href="ample/xul/tree.xml#property-body"/>
<entry title="items" href="ample/xul/tree.xml#property-items"/>
<entry title="treebody" href="ample/xul/treebody.xml"/>
<entry title="treecell" href="ample/xul/treecell.xml"/>
<entry title="label" href="ample/xul/treecell.xml#attribute-label"/>
<entry title="src" href="ample/xul/treecell.xml#attribute-src"/>
<entry title="treechildren" href="ample/xul/treechildren.xml"/>
<entry title="tree" href="ample/xul/treechildren.xml#property-tree"/>
<entry title="items" href="ample/xul/treechildren.xml#property-items"/>
<entry title="treecol" href="ample/xul/treecol.xml"/>
<entry title="label" href="ample/xul/treecol.xml#attribute-label"/>
<entry title="primary" href="ample/xul/treecol.xml#attribute-primary"/>
<entry title="minwidth" href="ample/xul/treecol.xml#attribute-minwidth"/>
<entry title="hideheader" href="ample/xul/treecol.xml#attribute-hideheader"/>
<entry title="treecols" href="ample/xul/treecols.xml"/>
<entry title="items" href="ample/xul/treecols.xml#property-items"/>
<entry title="treeitem" href="ample/xul/treeitem.xml"/>
<entry title="open" href="ample/xul/treeitem.xml#attribute-open"/>
<entry title="row" href="ample/xul/treeitem.xml#property-row"/>
<entry title="children" href="ample/xul/treeitem.xml#property-children"/>
<entry title="treerow" href="ample/xul/treerow.xml"/>
<entry title="cells" href="ample/xul/treerow.xml#property-cells"/>
<entry title="popup" href="ample/xul/popup.xml"/>
<entry title="popupset" href="ample/xul/popupset.xml"/>
<entry title="statusbar" href="ample/xul/statusbar.xml"/>
<entry title="statusbarpanel" href="ample/xul/statusbarpanel.xml"/>
<entry title="label" href="ample/xul/statusbarpanel.xml#attribute-label"/>
<entry title="src" href="ample/xul/statusbarpanel.xml#attribute-src"/>
<entry title="column" href="ample/xul/column.xml"/>
<entry title="columns" href="ample/xul/columns.xml"/>
<entry title="grid" href="ample/xul/grid.xml"/>
<entry title="row" href="ample/xul/row.xml"/>
<entry title="rows" href="ample/xul/rows.xml"/>
<entry title="box" href="ample/xul/box.xml"/>
<entry title="caption" href="ample/xul/caption.xml"/>
<entry title="label" href="ample/xul/caption.xml#attribute-label"/>
<entry title="image" href="ample/xul/caption.xml#attribute-image"/>
<entry title="deck" href="ample/xul/deck.xml"/>
<entry title="selectedIndex" href="ample/xul/deck.xml#attribute-selectedIndex"/>
<entry title="selectedIndex" href="ample/xul/deck.xml#property-selectedIndex"/>
<entry title="selectedPanel" href="ample/xul/deck.xml#property-selectedPanel"/>
<entry title="select" href="ample/xul/deck.xml#event-select"/>
<entry title="groupbox" href="ample/xul/groupbox.xml"/>
<entry title="hbox" href="ample/xul/hbox.xml"/>
<entry title="iframe" href="ample/xul/iframe.xml"/>
<entry title="src" href="ample/xul/iframe.xml#attribute-src"/>
<entry title="contentDocument" href="ample/xul/iframe.xml#property-contentDocument"/>
<entry title="contentWindow" href="ample/xul/iframe.xml#property-contentWindow"/>
<entry title="image" href="ample/xul/image.xml"/>
<entry title="src" href="ample/xul/image.xml#attribute-src"/>
<entry title="load" href="ample/xul/image.xml#event-load"/>
<entry title="error" href="ample/xul/image.xml#event-error"/>
<entry title="label" href="ample/xul/label.xml"/>
<entry title="value" href="ample/xul/label.xml#attribute-value"/>
<entry title="control" href="ample/xul/label.xml#attribute_ns-control"/>
<entry title="spacer" href="ample/xul/spacer.xml"/>
<entry title="splitter" href="ample/xul/splitter.xml"/>
<entry title="resizeafter" href="ample/xul/splitter.xml#attribute-resizeafter"/>
<entry title="resizebefore" href="ample/xul/splitter.xml#attribute-resizebefore"/>
<entry title="stack" href="ample/xul/stack.xml"/>
<entry title="vbox" href="ample/xul/vbox.xml"/>
<entry title="script" href="ample/xul/script.xml"/>
<entry title="src" href="ample/xul/script.xml#attribute-src"/>
<entry title="dialog" href="ample/xul/dialog.xml"/>
<entry title="title" href="ample/xul/dialog.xml#attribute-title"/>
<entry title="buttons" href="ample/xul/dialog.xml#attribute-buttons"/>
<entry title="acceptDialog" href="ample/xul/dialog.xml#method-acceptDialog"/>
<entry title="cancelDialog" href="ample/xul/dialog.xml#method-cancelDialog"/>
<entry title="centerWindowOnScreen" href="ample/xul/dialog.xml#method-centerWindowOnScreen"/>
<entry title="load" href="ample/xul/dialog.xml#event-load"/>
<entry title="unload" href="ample/xul/dialog.xml#event-unload"/>
<entry title="dialogaccept" href="ample/xul/dialog.xml#event-dialogaccept"/>
<entry title="dialogcancel" href="ample/xul/dialog.xml#event-dialogcancel"/>
<entry title="dialogdisclosure" href="ample/xul/dialog.xml#event-dialogdisclosure"/>
<entry title="dialoghelp" href="ample/xul/dialog.xml#event-dialoghelp"/>
<entry title="dialogheader" href="ample/xul/dialogheader.xml"/>
<entry title="title" href="ample/xul/dialogheader.xml#attribute-title"/>
<entry title="description" href="ample/xul/dialogheader.xml#attribute-description"/>
<entry title="wizard" href="ample/xul/wizard.xml"/>
<entry title="title" href="ample/xul/wizard.xml#attribute-title"/>
<entry title="pagestep" href="ample/xul/wizard.xml#attribute-pagestep"/>
<entry title="advance" href="ample/xul/wizard.xml#method-advance"/>
<entry title="rewind" href="ample/xul/wizard.xml#method-rewind"/>
<entry title="cancel" href="ample/xul/wizard.xml#method-cancel"/>
<entry title="goTo" href="ample/xul/wizard.xml#method-goTo"/>
<entry title="getPageById" href="ample/xul/wizard.xml#method-getPageById"/>
<entry title="getButton" href="ample/xul/wizard.xml#method-getButton"/>
<entry title="currentPage" href="ample/xul/wizard.xml#property-currentPage"/>
<entry title="wizardPages" href="ample/xul/wizard.xml#property-wizardPages"/>
<entry title="wizardback" href="ample/xul/wizard.xml#event-wizardback"/>
<entry title="wizardcancel" href="ample/xul/wizard.xml#event-wizardcancel"/>
<entry title="wizardfinish" href="ample/xul/wizard.xml#event-wizardfinish"/>
<entry title="wizardnext" href="ample/xul/wizard.xml#event-wizardnext"/>
<entry title="load" href="ample/xul/wizard.xml#event-load"/>
<entry title="unload" href="ample/xul/wizard.xml#event-unload"/>
<entry title="wizardpage" href="ample/xul/wizardpage.xml"/>
<entry title="label" href="ample/xul/wizardpage.xml#attribute-label"/>
<entry title="description" href="ample/xul/wizardpage.xml#attribute-description"/>
<entry title="next" href="ample/xul/wizardpage.xml#attribute-next"/>
<entry title="pageid" href="ample/xul/wizardpage.xml#attribute-pageid"/>
<entry title="pageadvanced" href="ample/xul/wizardpage.xml#event-pageadvanced"/>
<entry title="pagehide" href="ample/xul/wizardpage.xml#event-pagehide"/>
<entry title="pagerewound" href="ample/xul/wizardpage.xml#event-pagerewound"/>
<entry title="pageshow" href="ample/xul/wizardpage.xml#event-pageshow"/>
<entry title="overlay" href="ample/xul/overlay.xml"/>
<entry title="page" href="ample/xul/page.xml"/>
<entry title="load" href="ample/xul/page.xml#event-load"/>
<entry title="unload" href="ample/xul/page.xml#event-unload"/>
<entry title="window" href="ample/xul/window.xml"/>
<entry title="title" href="ample/xul/window.xml#attribute-title"/>
<entry title="load" href="ample/xul/window.xml#event-load"/>
<entry title="unload" href="ample/xul/window.xml#event-unload"/>
<entry title="HTML 5 - A vocabulary and associated APIs for HTML and XHTML" href="ample/html5/html5.xml"/>
<entry title="Namespace URI" href="ample/html5/html5.xml"/>
<entry title="Ample SDK implementation details" href="ample/html5/html5.xml"/>
<entry title="Abstract [UI] Markup Language (AML 1.0)" href="ample/aml/aml.xml"/>
<entry title="Namespace URI" href="ample/aml/aml.xml"/>
<entry title="Ample SDK implementation details" href="ample/aml/aml.xml"/>
<entry title="AMLElement" href="ample/aml/AMLElement.xml"/>
<entry title="aml:resizable" href="ample/aml/AMLElement.xml#attribute-aml:resizable"/>
<entry title="aml:draggable" href="ample/aml/AMLElement.xml#attribute-aml:draggable"/>
<entry title="aml:droppable" href="ample/aml/AMLElement.xml#attribute-aml:droppable"/>
<entry title="aml:selectable" href="ample/aml/AMLElement.xml#attribute-aml:selectable"/>
<entry title="data" href="ample/aml/data.xml"/>
<entry title="src" href="ample/aml/data.xml#attribute-src"/>
<entry title="async" href="ample/aml/data.xml#attribute-async"/>
<entry title="type" href="ample/aml/data.xml#attribute-type"/>
<entry title="load" href="ample/aml/data.xml#method-load"/>
<entry title="load" href="ample/aml/data.xml#event-load"/>
<entry title="unload" href="ample/aml/data.xml#event-unload"/>
<entry title="error" href="ample/aml/data.xml#event-error"/>
<entry title="repeater" href="ample/aml/repeater.xml"/>
<entry title="data" href="ample/aml/repeater.xml#attribute-data"/>
<entry title="select" href="ample/aml/repeater.xml#attribute-select"/>
<entry title="map" href="ample/aml/map.xml"/>
<entry title="longitude" href="ample/aml/map.xml#attribute-longitude"/>
<entry title="latitude" href="ample/aml/map.xml#attribute-latitude"/>
<entry title="altitude" href="ample/aml/map.xml#attribute-altitude"/>
<entry title="object" href="ample/aml/map.xml#property-object"/>
<entry title="marker" href="ample/aml/marker.xml"/>
<entry title="longitude" href="ample/aml/marker.xml#attribute-longitude"/>
<entry title="latitude" href="ample/aml/marker.xml#attribute-latitude"/>
<entry title="image" href="ample/aml/marker.xml#attribute-image"/>
<entry title="object" href="ample/aml/marker.xml#property-object"/>
<entry title="sound" href="ample/aml/sound.xml"/>
<entry title="src" href="ample/aml/sound.xml#attribute-src"/>
<entry title="autoplay" href="ample/aml/sound.xml#attribute-autoplay"/>
<entry title="play" href="ample/aml/sound.xml#method-play"/>
<entry title="stop" href="ample/aml/sound.xml#method-stop"/>
<entry title="timer" href="ample/aml/timer.xml"/>
<entry title="timeout" href="ample/aml/timer.xml#attribute-timeout"/>
<entry title="interval" href="ample/aml/timer.xml#attribute-interval"/>
<entry title="autostart" href="ample/aml/timer.xml#attribute-autostart"/>
<entry title="start" href="ample/aml/timer.xml#method-start"/>
<entry title="stop" href="ample/aml/timer.xml#method-stop"/>
<entry title="interval" href="ample/aml/timer.xml#event-interval"/>
<entry title="timeout" href="ample/aml/timer.xml#event-timeout"/>
<entry title="handler" href="ample/aml/handler.xml"/>
<entry title="event" href="ample/aml/handler.xml#attribute-event"/>
<entry title="type" href="ample/aml/handler.xml#attribute-type"/>
<entry title="phase" href="ample/aml/handler.xml#attribute-phase"/>
<entry title="propagate" href="ample/aml/handler.xml#attribute-propagate"/>
<entry title="defaultAction" href="ample/aml/handler.xml#attribute-defaultAction"/>
</index>
