<?xml version="1.0" encoding="utf-8"?>
<?xml-stylesheet type="text/xsl" href="../../../stylesheets/page.xsl"?>
<element name="assertion">
	<abstract>
		<locale>
			Facet assertion constrains the value spaceby requiring the values to satisfy specified XPath expressions.
		</locale>
	</abstract>
	<examples />
	<members>
		<attributes>
			<attribute name="value">
				<description>
					<locale>
						Set of assertion components.
					</locale>
				</description>
			</attribute>
		</attributes>
		<methods />
		<properties />
		<events />
	</members>
</element>